-- phpMyAdmin SQL Dump
-- version 5.2.1
-- https://www.phpmyadmin.net/
--
-- Host: 127.0.0.1
-- Generation Time: Sep 24, 2024 at 05:32 AM
-- Server version: 10.4.32-MariaDB
-- PHP Version: 8.0.30

SET SQL_MODE = "NO_AUTO_VALUE_ON_ZERO";
START TRANSACTION;
SET time_zone = "+00:00";


/*!40101 SET @OLD_CHARACTER_SET_CLIENT=@@CHARACTER_SET_CLIENT */;
/*!40101 SET @OLD_CHARACTER_SET_RESULTS=@@CHARACTER_SET_RESULTS */;
/*!40101 SET @OLD_COLLATION_CONNECTION=@@COLLATION_CONNECTION */;
/*!40101 SET NAMES utf8mb4 */;

--
-- Database: `shopping`
--

-- --------------------------------------------------------

--
-- Table structure for table `admin`
--

CREATE TABLE `admin` (
  `id` int(11) NOT NULL,
  `username` varchar(255) NOT NULL,
  `password` varchar(255) NOT NULL,
  `creationDate` timestamp NOT NULL DEFAULT current_timestamp(),
  `updationDate` varchar(255) NOT NULL
) ENGINE=InnoDB DEFAULT CHARSET=latin1 COLLATE=latin1_swedish_ci;

--
-- Dumping data for table `admin`
--

INSERT INTO `admin` (`id`, `username`, `password`, `creationDate`, `updationDate`) VALUES
(1, 'admin', '9e94b15ed312fa42232fd87a55db0d39', '2024-04-02 16:21:18', '24-09-2024 08:10:10 AM');

-- --------------------------------------------------------

--
-- Table structure for table `category`
--

CREATE TABLE `category` (
  `id` int(11) NOT NULL,
  `categoryName` varchar(255) DEFAULT NULL,
  `categoryDescription` longtext DEFAULT NULL,
  `creationDate` timestamp NOT NULL DEFAULT current_timestamp(),
  `updationDate` varchar(255) DEFAULT NULL
) ENGINE=InnoDB DEFAULT CHARSET=latin1 COLLATE=latin1_swedish_ci;

--
-- Dumping data for table `category`
--

INSERT INTO `category` (`id`, `categoryName`, `categoryDescription`, `creationDate`, `updationDate`) VALUES
(8, 'Electronics', 'product change', '2024-08-20 19:57:42', '24-09-2024 08:37:22 AM'),
(9, 'Office Electronic', 'office product', '2024-08-20 19:58:09', NULL),
(10, 'Computing', 'laptop,desktop\r\n', '2024-08-20 19:59:48', NULL),
(11, 'Mobiles', 'smartphones\r\n', '2024-08-20 20:00:06', NULL);

-- --------------------------------------------------------

--
-- Table structure for table `orders`
--

CREATE TABLE `orders` (
  `id` int(11) NOT NULL,
  `userId` int(11) DEFAULT NULL,
  `productId` varchar(255) DEFAULT NULL,
  `quantity` int(11) DEFAULT NULL,
  `orderDate` timestamp NOT NULL DEFAULT current_timestamp(),
  `paymentMethod` varchar(50) DEFAULT NULL,
  `orderStatus` varchar(55) DEFAULT NULL
) ENGINE=InnoDB DEFAULT CHARSET=latin1 COLLATE=latin1_swedish_ci;

--
-- Dumping data for table `orders`
--

INSERT INTO `orders` (`id`, `userId`, `productId`, `quantity`, `orderDate`, `paymentMethod`, `orderStatus`) VALUES
(1, 1, '3', 2, '2024-05-22 06:01:35', 'Debit / Credit card', 'Delivered'),
(2, 1, '16', 2, '2024-05-22 06:01:35', 'Debit / Credit card', NULL),
(3, 4, '15', 1, '2024-05-23 13:31:52', 'COD', 'in Process'),
(4, 5, '15', 1, '2024-06-05 01:04:45', 'COD', 'Delivered');

-- --------------------------------------------------------

--
-- Table structure for table `ordertrackhistory`
--

CREATE TABLE `ordertrackhistory` (
  `id` int(11) NOT NULL,
  `orderId` int(11) DEFAULT NULL,
  `status` varchar(255) DEFAULT NULL,
  `remark` mediumtext DEFAULT NULL,
  `postingDate` timestamp NOT NULL DEFAULT current_timestamp()
) ENGINE=InnoDB DEFAULT CHARSET=latin1 COLLATE=latin1_swedish_ci;

--
-- Dumping data for table `ordertrackhistory`
--

INSERT INTO `ordertrackhistory` (`id`, `orderId`, `status`, `remark`, `postingDate`) VALUES
(1, 1, 'in Process', 'Item is packed. Ready for dispatched.', '2024-05-22 06:32:29'),
(2, 1, 'Delivered', 'Product is delivered to the customer.', '2024-05-22 06:32:53'),
(3, 3, 'in Process', 'Product is packed. Dispactched soon', '2024-05-23 13:50:53'),
(4, 3, 'in Process', 'Product is in transit.\r\n', '2024-05-23 13:51:13'),
(5, 4, 'in Process', 'Item is packed', '2024-06-05 01:05:26'),
(6, 4, 'in Process', 'In Transit', '2024-06-05 01:05:34'),
(7, 4, 'Delivered', 'Delivered to the customer', '2024-06-05 01:05:45'),
(8, 3, 'in Process', 'uy', '2024-09-17 16:21:54');

-- --------------------------------------------------------

--
-- Table structure for table `productreviews`
--

CREATE TABLE `productreviews` (
  `id` int(11) NOT NULL,
  `productId` int(11) DEFAULT NULL,
  `quality` int(11) DEFAULT NULL,
  `price` int(11) DEFAULT NULL,
  `value` int(11) DEFAULT NULL,
  `name` varchar(255) DEFAULT NULL,
  `summary` varchar(255) DEFAULT NULL,
  `review` longtext DEFAULT NULL,
  `reviewDate` timestamp NOT NULL DEFAULT current_timestamp()
) ENGINE=InnoDB DEFAULT CHARSET=latin1 COLLATE=latin1_swedish_ci;

--
-- Dumping data for table `productreviews`
--

INSERT INTO `productreviews` (`id`, `productId`, `quality`, `price`, `value`, `name`, `summary`, `review`, `reviewDate`) VALUES
(1, 39, 4, 5, 5, 'Chirag Bharada', 'its good product', 'Best qulality,and best product in best price', '2024-09-23 18:13:11');

-- --------------------------------------------------------

--
-- Table structure for table `products`
--

CREATE TABLE `products` (
  `id` int(11) NOT NULL,
  `category` int(11) NOT NULL,
  `subCategory` int(11) DEFAULT NULL,
  `productName` varchar(255) DEFAULT NULL,
  `productCompany` varchar(255) DEFAULT NULL,
  `productPrice` int(11) DEFAULT NULL,
  `productPriceBeforeDiscount` int(11) DEFAULT NULL,
  `productDescription` longtext DEFAULT NULL,
  `productImage1` varchar(255) DEFAULT NULL,
  `productImage2` varchar(255) DEFAULT NULL,
  `productImage3` varchar(255) DEFAULT NULL,
  `shippingCharge` int(11) DEFAULT NULL,
  `productAvailability` varchar(255) DEFAULT NULL,
  `postingDate` timestamp NULL DEFAULT current_timestamp(),
  `updationDate` varchar(255) DEFAULT NULL
) ENGINE=InnoDB DEFAULT CHARSET=latin1 COLLATE=latin1_swedish_ci;

--
-- Dumping data for table `products`
--

INSERT INTO `products` (`id`, `category`, `subCategory`, `productName`, `productCompany`, `productPrice`, `productPriceBeforeDiscount`, `productDescription`, `productImage1`, `productImage2`, `productImage3`, `shippingCharge`, `productAvailability`, `postingDate`, `updationDate`) VALUES
(28, 8, 16, 'Samsung 108 cm (43 inches) D Series Crystal 4K Vivid Ultra HD Smart LED TV UA43DUE70BKLXL (Black)', 'Samsung', 32990, 49999, '<p class=\"MsoListParagraphCxSpFirst\"><b>About this item<o:p></o:p></b></p>\r\n\r\n<p class=\"MsoListParagraphCxSpMiddle\" style=\"text-indent:-18.0pt;mso-list:l0 level1 lfo1;\r\ntab-stops:list 36.0pt\"><!--[if !supportLists]--><span style=\"font-size:10.0pt;\r\nmso-bidi-font-size:11.0pt;line-height:107%;font-family:Symbol;mso-fareast-font-family:\r\nSymbol;mso-bidi-font-family:Symbol\">·<span style=\"font-variant-numeric: normal; font-variant-east-asian: normal; font-variant-alternates: normal; font-size-adjust: none; font-kerning: auto; font-optical-sizing: auto; font-feature-settings: normal; font-variation-settings: normal; font-variant-position: normal; font-stretch: normal; font-size: 7pt; line-height: normal; font-family: &quot;Times New Roman&quot;;\">&nbsp;&nbsp;&nbsp;&nbsp;&nbsp;&nbsp;&nbsp;\r\n</span></span><!--[endif]-->Resolution: 4K Ultra HD (3840 x 2160) Resolution\r\n|Refresh Rate : 50 Hertz<o:p></o:p></p>\r\n\r\n<p class=\"MsoListParagraphCxSpMiddle\" style=\"text-indent:-18.0pt;mso-list:l0 level1 lfo1;\r\ntab-stops:list 36.0pt\"><!--[if !supportLists]--><span style=\"font-size:10.0pt;\r\nmso-bidi-font-size:11.0pt;line-height:107%;font-family:Symbol;mso-fareast-font-family:\r\nSymbol;mso-bidi-font-family:Symbol\">·<span style=\"font-variant-numeric: normal; font-variant-east-asian: normal; font-variant-alternates: normal; font-size-adjust: none; font-kerning: auto; font-optical-sizing: auto; font-feature-settings: normal; font-variation-settings: normal; font-variant-position: normal; font-stretch: normal; font-size: 7pt; line-height: normal; font-family: &quot;Times New Roman&quot;;\">&nbsp;&nbsp;&nbsp;&nbsp;&nbsp;&nbsp;&nbsp;\r\n</span></span><!--[endif]-->Connectivity : 3 Hdmi Ports For Seamless\r\nConnectivity With External Devices | 1 X Usb-A Usb Ports To Connect Hard Drives\r\nOr Other Usb Devices |Wi-Fi | Bluetooth | Anynet+ (Hdmi-Cec)| Ethernet (Lan)\r\nPort| Rf In (Terrestrial / Cable Input / Satellite Input)<o:p></o:p></p>\r\n\r\n<p class=\"MsoListParagraphCxSpMiddle\" style=\"text-indent:-18.0pt;mso-list:l0 level1 lfo1;\r\ntab-stops:list 36.0pt\"><!--[if !supportLists]--><span style=\"font-size:10.0pt;\r\nmso-bidi-font-size:11.0pt;line-height:107%;font-family:Symbol;mso-fareast-font-family:\r\nSymbol;mso-bidi-font-family:Symbol\">·<span style=\"font-variant-numeric: normal; font-variant-east-asian: normal; font-variant-alternates: normal; font-size-adjust: none; font-kerning: auto; font-optical-sizing: auto; font-feature-settings: normal; font-variation-settings: normal; font-variant-position: normal; font-stretch: normal; font-size: 7pt; line-height: normal; font-family: &quot;Times New Roman&quot;;\">&nbsp;&nbsp;&nbsp;&nbsp;&nbsp;&nbsp;&nbsp;\r\n</span></span><!--[endif]-->Sound: 20W Output- 2CH | Powerful Speakers with\r\nQ-Symphony<o:p></o:p></p>\r\n\r\n<p class=\"MsoListParagraphCxSpMiddle\" style=\"text-indent:-18.0pt;mso-list:l0 level1 lfo1;\r\ntab-stops:list 36.0pt\"><!--[if !supportLists]--><span style=\"font-size:10.0pt;\r\nmso-bidi-font-size:11.0pt;line-height:107%;font-family:Symbol;mso-fareast-font-family:\r\nSymbol;mso-bidi-font-family:Symbol\">·<span style=\"font-variant-numeric: normal; font-variant-east-asian: normal; font-variant-alternates: normal; font-size-adjust: none; font-kerning: auto; font-optical-sizing: auto; font-feature-settings: normal; font-variation-settings: normal; font-variant-position: normal; font-stretch: normal; font-size: 7pt; line-height: normal; font-family: &quot;Times New Roman&quot;;\">&nbsp;&nbsp;&nbsp;&nbsp;&nbsp;&nbsp;&nbsp;\r\n</span></span><!--[endif]-->Smart TV Features : Web Browser | SmartThings\r\nHub / Matter Hub / IoT-Sensor FuntionalityApple AirPlay | Daily+<o:p></o:p></p>\r\n\r\n<p class=\"MsoListParagraphCxSpMiddle\" style=\"text-indent:-18.0pt;mso-list:l0 level1 lfo1;\r\ntab-stops:list 36.0pt\"><!--[if !supportLists]--><span style=\"font-size:10.0pt;\r\nmso-bidi-font-size:11.0pt;line-height:107%;font-family:Symbol;mso-fareast-font-family:\r\nSymbol;mso-bidi-font-family:Symbol\">·<span style=\"font-variant-numeric: normal; font-variant-east-asian: normal; font-variant-alternates: normal; font-size-adjust: none; font-kerning: auto; font-optical-sizing: auto; font-feature-settings: normal; font-variation-settings: normal; font-variant-position: normal; font-stretch: normal; font-size: 7pt; line-height: normal; font-family: &quot;Times New Roman&quot;;\">&nbsp;&nbsp;&nbsp;&nbsp;&nbsp;&nbsp;&nbsp;\r\n</span></span><!--[endif]-->Display: Crystal Processor 4K | HDR | Support |\r\nMega Contrast | UHD Dimming | Contrast Enhancer | Motion Xcelerator | 4K\r\nUpscaling | Filmmaker Mode<o:p></o:p></p>\r\n\r\n<p class=\"MsoListParagraphCxSpLast\" style=\"text-indent:-18.0pt;mso-list:l0 level1 lfo1;\r\ntab-stops:list 36.0pt\"><!--[if !supportLists]--><span style=\"font-size:10.0pt;\r\nmso-bidi-font-size:11.0pt;line-height:107%;font-family:Symbol;mso-fareast-font-family:\r\nSymbol;mso-bidi-font-family:Symbol\">·<span style=\"font-variant-numeric: normal; font-variant-east-asian: normal; font-variant-alternates: normal; font-size-adjust: none; font-kerning: auto; font-optical-sizing: auto; font-feature-settings: normal; font-variation-settings: normal; font-variant-position: normal; font-stretch: normal; font-size: 7pt; line-height: normal; font-family: &quot;Times New Roman&quot;;\">&nbsp;&nbsp;&nbsp;&nbsp;&nbsp;&nbsp;&nbsp;\r\n</span></span><!--[endif]-->Warranty Information :1 Year Standard Warranty +\r\n1 Year additional warranty on Panel from the date of purchase<o:p></o:p></p>', 'sam_tel1.jpg', 'sam_tel2.jpg', 'sam_tel3.jpg', 0, 'In Stock', '2024-08-23 06:51:44', NULL),
(29, 8, 16, 'LG 80 cm (32 inches) HD Ready Smart LED TV 32LQ643BPTA (Black) ', 'LG ', 15999, 30999, '<p class=\"MsoListParagraphCxSpFirst\"><b>About this item<o:p></o:p></b></p>\r\n\r\n<p class=\"MsoListParagraphCxSpMiddle\" style=\"text-indent:-18.0pt;mso-list:l0 level1 lfo1;\r\ntab-stops:list 36.0pt\"><!--[if !supportLists]--><span style=\"font-size:10.0pt;\r\nmso-bidi-font-size:11.0pt;line-height:107%;font-family:Symbol;mso-fareast-font-family:\r\nSymbol;mso-bidi-font-family:Symbol\">·<span style=\"font-variant-numeric: normal; font-variant-east-asian: normal; font-variant-alternates: normal; font-size-adjust: none; font-kerning: auto; font-optical-sizing: auto; font-feature-settings: normal; font-variation-settings: normal; font-variant-position: normal; font-stretch: normal; font-size: 7pt; line-height: normal; font-family: &quot;Times New Roman&quot;;\">&nbsp;&nbsp;&nbsp;&nbsp;&nbsp;&nbsp;&nbsp;\r\n</span></span><!--[endif]-->Resolution: HD Ready (1366x768) | Refresh Rate:\r\n60 hertz<o:p></o:p></p>\r\n\r\n<p class=\"MsoListParagraphCxSpMiddle\" style=\"text-indent:-18.0pt;mso-list:l0 level1 lfo1;\r\ntab-stops:list 36.0pt\"><!--[if !supportLists]--><span style=\"font-size:10.0pt;\r\nmso-bidi-font-size:11.0pt;line-height:107%;font-family:Symbol;mso-fareast-font-family:\r\nSymbol;mso-bidi-font-family:Symbol\">·<span style=\"font-variant-numeric: normal; font-variant-east-asian: normal; font-variant-alternates: normal; font-size-adjust: none; font-kerning: auto; font-optical-sizing: auto; font-feature-settings: normal; font-variation-settings: normal; font-variant-position: normal; font-stretch: normal; font-size: 7pt; line-height: normal; font-family: &quot;Times New Roman&quot;;\">&nbsp;&nbsp;&nbsp;&nbsp;&nbsp;&nbsp;&nbsp;\r\n</span></span><!--[endif]-->Connectivity: Wi-Fi (Built-in) | 3 HDMI ports to\r\nconnect set top box, Blu Ray players, gaming console | 2 USB ports to connect\r\nhard drives and other USB devices | eARC | Bluetooth 5.0 | Optical | Ethernet<o:p></o:p></p>\r\n\r\n<p class=\"MsoListParagraphCxSpMiddle\" style=\"text-indent:-18.0pt;mso-list:l0 level1 lfo1;\r\ntab-stops:list 36.0pt\"><!--[if !supportLists]--><span style=\"font-size:10.0pt;\r\nmso-bidi-font-size:11.0pt;line-height:107%;font-family:Symbol;mso-fareast-font-family:\r\nSymbol;mso-bidi-font-family:Symbol\">·<span style=\"font-variant-numeric: normal; font-variant-east-asian: normal; font-variant-alternates: normal; font-size-adjust: none; font-kerning: auto; font-optical-sizing: auto; font-feature-settings: normal; font-variation-settings: normal; font-variant-position: normal; font-stretch: normal; font-size: 7pt; line-height: normal; font-family: &quot;Times New Roman&quot;;\">&nbsp;&nbsp;&nbsp;&nbsp;&nbsp;&nbsp;&nbsp;\r\n</span></span><!--[endif]-->Sound: 16 Watts Output | 2.0 Ch Speaker | AI\r\nSound (Virtual Surround 5.1 up-mix) | Bluetooth Surround Ready<o:p></o:p></p>\r\n\r\n<p class=\"MsoListParagraphCxSpMiddle\" style=\"text-indent:-18.0pt;mso-list:l0 level1 lfo1;\r\ntab-stops:list 36.0pt\"><!--[if !supportLists]--><span style=\"font-size:10.0pt;\r\nmso-bidi-font-size:11.0pt;line-height:107%;font-family:Symbol;mso-fareast-font-family:\r\nSymbol;mso-bidi-font-family:Symbol\">·<span style=\"font-variant-numeric: normal; font-variant-east-asian: normal; font-variant-alternates: normal; font-size-adjust: none; font-kerning: auto; font-optical-sizing: auto; font-feature-settings: normal; font-variation-settings: normal; font-variant-position: normal; font-stretch: normal; font-size: 7pt; line-height: normal; font-family: &quot;Times New Roman&quot;;\">&nbsp;&nbsp;&nbsp;&nbsp;&nbsp;&nbsp;&nbsp;\r\n</span></span><!--[endif]-->Smart TV Features: WebOS Smart TV | AI ThinQ |\r\nApple Airplay 2 &amp; Homekit | Works with Google Home &amp; Amazon Echo\r\nConnection | Game Optimizer| ?5 AI Processor Gen5 | HDR 10 |1.5 GB RAM + 8 GB\r\nStorage | Unlimited OTT App Support: Netflix, Prime Video, Disney+ Hotstar,\r\nApple TV, Jio Cinema, SonyLIV, Discovery+, Zee5, Voot, MxPlayer, Google Play\r\nMovies &amp; TV, YuppTV, Youtube<o:p></o:p></p>\r\n\r\n<p class=\"MsoListParagraphCxSpMiddle\" style=\"text-indent:-18.0pt;mso-list:l0 level1 lfo1;\r\ntab-stops:list 36.0pt\"><!--[if !supportLists]--><span style=\"font-size:10.0pt;\r\nmso-bidi-font-size:11.0pt;line-height:107%;font-family:Symbol;mso-fareast-font-family:\r\nSymbol;mso-bidi-font-family:Symbol\">·<span style=\"font-variant-numeric: normal; font-variant-east-asian: normal; font-variant-alternates: normal; font-size-adjust: none; font-kerning: auto; font-optical-sizing: auto; font-feature-settings: normal; font-variation-settings: normal; font-variant-position: normal; font-stretch: normal; font-size: 7pt; line-height: normal; font-family: &quot;Times New Roman&quot;;\">&nbsp;&nbsp;&nbsp;&nbsp;&nbsp;&nbsp;&nbsp;\r\n</span></span><!--[endif]-->Display: HD Ready LED Display | Bezel-less Slim\r\nDesign | HLG, HDR 10<o:p></o:p></p>\r\n\r\n<p class=\"MsoListParagraphCxSpLast\" style=\"text-indent:-18.0pt;mso-list:l0 level1 lfo1;\r\ntab-stops:list 36.0pt\"><!--[if !supportLists]--><span style=\"font-size:10.0pt;\r\nmso-bidi-font-size:11.0pt;line-height:107%;font-family:Symbol;mso-fareast-font-family:\r\nSymbol;mso-bidi-font-family:Symbol\">·<span style=\"font-variant-numeric: normal; font-variant-east-asian: normal; font-variant-alternates: normal; font-size-adjust: none; font-kerning: auto; font-optical-sizing: auto; font-feature-settings: normal; font-variation-settings: normal; font-variant-position: normal; font-stretch: normal; font-size: 7pt; line-height: normal; font-family: &quot;Times New Roman&quot;;\">&nbsp;&nbsp;&nbsp;&nbsp;&nbsp;&nbsp;&nbsp;\r\n</span></span><!--[endif]-->1 Year LG India Warranty on the Product<o:p></o:p></p>', 'lg_tel1.jpg', 'lg_tel2.jpg', 'lg_tel3.jpg', 0, 'In Stock', '2024-08-23 06:56:15', NULL),
(30, 8, 16, 'Xiaomi 108 cm (43 inches) X Pro 4K Dolby Vision IQ Series Smart Google TV L43M8-5XIN (Black)', 'Xiaomi', 30999, 49999, '<p class=\"MsoListParagraphCxSpFirst\"><b>About this item<o:p></o:p></b></p>\r\n\r\n<p class=\"MsoListParagraphCxSpMiddle\" style=\"text-indent:-18.0pt;mso-list:l0 level1 lfo1;\r\ntab-stops:list 36.0pt\"><!--[if !supportLists]--><span style=\"font-size:10.0pt;\r\nmso-bidi-font-size:11.0pt;line-height:107%;font-family:Symbol;mso-fareast-font-family:\r\nSymbol;mso-bidi-font-family:Symbol\">·<span style=\"font-variant-numeric: normal; font-variant-east-asian: normal; font-variant-alternates: normal; font-size-adjust: none; font-kerning: auto; font-optical-sizing: auto; font-feature-settings: normal; font-variation-settings: normal; font-variant-position: normal; font-stretch: normal; font-size: 7pt; line-height: normal; font-family: &quot;Times New Roman&quot;;\">&nbsp;&nbsp;&nbsp;&nbsp;&nbsp;&nbsp;&nbsp;\r\n</span></span><!--[endif]-->Resolution : 4K Ultra HD (3840 x 2160) | Refresh\r\nRate : 60 Hertz | Viewing angle : 178 degrees<o:p></o:p></p>\r\n\r\n<p class=\"MsoListParagraphCxSpMiddle\" style=\"text-indent:-18.0pt;mso-list:l0 level1 lfo1;\r\ntab-stops:list 36.0pt\"><!--[if !supportLists]--><span style=\"font-size:10.0pt;\r\nmso-bidi-font-size:11.0pt;line-height:107%;font-family:Symbol;mso-fareast-font-family:\r\nSymbol;mso-bidi-font-family:Symbol\">·<span style=\"font-variant-numeric: normal; font-variant-east-asian: normal; font-variant-alternates: normal; font-size-adjust: none; font-kerning: auto; font-optical-sizing: auto; font-feature-settings: normal; font-variation-settings: normal; font-variant-position: normal; font-stretch: normal; font-size: 7pt; line-height: normal; font-family: &quot;Times New Roman&quot;;\">&nbsp;&nbsp;&nbsp;&nbsp;&nbsp;&nbsp;&nbsp;\r\n</span></span><!--[endif]-->Connectivity: Dual Band Wi-Fi | 3 HDMI | 2 USB\r\nports| Optical port| AV port| Ethernet port | 3.5 mm jack | Bluetooth 5.1<o:p></o:p></p>\r\n\r\n<p class=\"MsoListParagraphCxSpMiddle\" style=\"text-indent:-18.0pt;mso-list:l0 level1 lfo1;\r\ntab-stops:list 36.0pt\"><!--[if !supportLists]--><span style=\"font-size:10.0pt;\r\nmso-bidi-font-size:11.0pt;line-height:107%;font-family:Symbol;mso-fareast-font-family:\r\nSymbol;mso-bidi-font-family:Symbol\">·<span style=\"font-variant-numeric: normal; font-variant-east-asian: normal; font-variant-alternates: normal; font-size-adjust: none; font-kerning: auto; font-optical-sizing: auto; font-feature-settings: normal; font-variation-settings: normal; font-variant-position: normal; font-stretch: normal; font-size: 7pt; line-height: normal; font-family: &quot;Times New Roman&quot;;\">&nbsp;&nbsp;&nbsp;&nbsp;&nbsp;&nbsp;&nbsp;\r\n</span></span><!--[endif]-->Sound: 30 Watts Output | Dolby Atmos | DTS-X<o:p></o:p></p>\r\n\r\n<p class=\"MsoListParagraphCxSpMiddle\" style=\"text-indent:-18.0pt;mso-list:l0 level1 lfo1;\r\ntab-stops:list 36.0pt\"><!--[if !supportLists]--><span style=\"font-size:10.0pt;\r\nmso-bidi-font-size:11.0pt;line-height:107%;font-family:Symbol;mso-fareast-font-family:\r\nSymbol;mso-bidi-font-family:Symbol\">·<span style=\"font-variant-numeric: normal; font-variant-east-asian: normal; font-variant-alternates: normal; font-size-adjust: none; font-kerning: auto; font-optical-sizing: auto; font-feature-settings: normal; font-variation-settings: normal; font-variant-position: normal; font-stretch: normal; font-size: 7pt; line-height: normal; font-family: &quot;Times New Roman&quot;;\">&nbsp;&nbsp;&nbsp;&nbsp;&nbsp;&nbsp;&nbsp;\r\n</span></span><!--[endif]-->Smart TV Features: Google TV, Built-In WiFi,\r\nChromecast built-in, 2GB RAM, 16GB ROM, Supported Apps: Netflix, Prime Video,\r\nYouTube, Zee5, etc., Ambient Light Sensor, Far Field Microphone, ALLM (Auto Low\r\nLatency Mode), Hands Free Voice Control and Google Assistant Operation<o:p></o:p></p>\r\n\r\n<p class=\"MsoListParagraphCxSpMiddle\" style=\"text-indent:-18.0pt;mso-list:l0 level1 lfo1;\r\ntab-stops:list 36.0pt\"><!--[if !supportLists]--><span style=\"font-size:10.0pt;\r\nmso-bidi-font-size:11.0pt;line-height:107%;font-family:Symbol;mso-fareast-font-family:\r\nSymbol;mso-bidi-font-family:Symbol\">·<span style=\"font-variant-numeric: normal; font-variant-east-asian: normal; font-variant-alternates: normal; font-size-adjust: none; font-kerning: auto; font-optical-sizing: auto; font-feature-settings: normal; font-variation-settings: normal; font-variant-position: normal; font-stretch: normal; font-size: 7pt; line-height: normal; font-family: &quot;Times New Roman&quot;;\">&nbsp;&nbsp;&nbsp;&nbsp;&nbsp;&nbsp;&nbsp;\r\n</span></span><!--[endif]-->Display: 4K Dolby Vision IQ | HDR10+ | HDR 10 |\r\nHLG | Reality Flow MEMC | Vivid Picture Engine 2 | Wide Colour Gamut- DCI-P3\r\n94% (typ)<o:p></o:p></p>\r\n\r\n<p class=\"MsoListParagraphCxSpLast\" style=\"text-indent:-18.0pt;mso-list:l0 level1 lfo1;\r\ntab-stops:list 36.0pt\"><!--[if !supportLists]--><span style=\"font-size:10.0pt;\r\nmso-bidi-font-size:11.0pt;line-height:107%;font-family:Symbol;mso-fareast-font-family:\r\nSymbol;mso-bidi-font-family:Symbol\">·<span style=\"font-variant-numeric: normal; font-variant-east-asian: normal; font-variant-alternates: normal; font-size-adjust: none; font-kerning: auto; font-optical-sizing: auto; font-feature-settings: normal; font-variation-settings: normal; font-variant-position: normal; font-stretch: normal; font-size: 7pt; line-height: normal; font-family: &quot;Times New Roman&quot;;\">&nbsp;&nbsp;&nbsp;&nbsp;&nbsp;&nbsp;&nbsp;\r\n</span></span><!--[endif]-->Warranty Information: 1 Year Warranty on Product\r\nand 2 Years Warranty on Panel provided by the brand from the date of purchase<o:p></o:p></p>', 'mi_tel1.jpg', 'mi_tel2.jpg', 'mi_tel3.jpg', 0, 'Out of Stock', '2024-08-23 07:06:11', NULL),
(31, 8, 17, 'Livato T5 WiFi HD Projector with Built-in YouTube Supports WiFi,HDMI,AV in,USB, Screencast Miracast (4000 lm / 1 Speaker/Wireless/Remote Controller) Portable Projector (White)', 'Livato', 13999, 15599, '<table class=\"MsoNormalTable\" border=\"0\" cellspacing=\"0\" cellpadding=\"0\" width=\"638\" style=\"width: 478.25pt;\">\r\n <tbody><tr>\r\n  <td width=\"167\" valign=\"top\" style=\"width:125.2pt;padding:0cm 2.25pt 2.25pt 0cm\">\r\n  <p class=\"MsoListParagraphCxSpFirst\"><b>Brand</b><o:p></o:p></p>\r\n  </td>\r\n  <td width=\"471\" valign=\"top\" style=\"width:353.05pt;padding:0cm 0cm 2.25pt 2.25pt\">\r\n  <p class=\"MsoListParagraphCxSpLast\">Livato<o:p></o:p></p>\r\n  </td>\r\n </tr>\r\n <tr>\r\n  <td width=\"167\" valign=\"top\" style=\"width:125.2pt;padding:2.25pt 2.25pt 2.25pt 0cm\">\r\n  <p class=\"MsoListParagraphCxSpFirst\"><b>Recommended Uses For Product</b><o:p></o:p></p>\r\n  </td>\r\n  <td width=\"471\" valign=\"top\" style=\"width:353.05pt;padding:2.25pt 0cm 2.25pt 2.25pt\">\r\n  <p class=\"MsoListParagraphCxSpLast\">Tabletop<o:p></o:p></p>\r\n  </td>\r\n </tr>\r\n <tr>\r\n  <td width=\"167\" valign=\"top\" style=\"width:125.2pt;padding:2.25pt 2.25pt 2.25pt 0cm\">\r\n  <p class=\"MsoListParagraphCxSpFirst\"><b>Special Feature</b><o:p></o:p></p>\r\n  </td>\r\n  <td width=\"471\" valign=\"top\" style=\"width:353.05pt;padding:2.25pt 0cm 2.25pt 2.25pt\">\r\n  <p class=\"MsoListParagraphCxSpLast\">Wireless, Portable, Built In Wi Fi<o:p></o:p></p>\r\n  </td>\r\n </tr>\r\n <tr>\r\n  <td width=\"167\" valign=\"top\" style=\"width:125.2pt;padding:2.25pt 2.25pt 2.25pt 0cm\">\r\n  <p class=\"MsoListParagraphCxSpFirst\"><b>Connectivity Technology</b><o:p></o:p></p>\r\n  </td>\r\n  <td width=\"471\" valign=\"top\" style=\"width:353.05pt;padding:2.25pt 0cm 2.25pt 2.25pt\">\r\n  <p class=\"MsoListParagraphCxSpLast\">Wi-Fi, USB, HDMI<o:p></o:p></p>\r\n  </td>\r\n </tr>\r\n <tr>\r\n  <td width=\"167\" valign=\"top\" style=\"width:125.2pt;padding:2.25pt 2.25pt 0cm 0cm\">\r\n  <p class=\"MsoListParagraphCxSpFirst\"><b>Display resolution</b><o:p></o:p></p>\r\n  </td>\r\n  <td width=\"471\" valign=\"top\" style=\"width:353.05pt;padding:2.25pt 0cm 0cm 2.25pt\">\r\n  <p class=\"MsoListParagraphCxSpLast\">800 x 600<o:p></o:p></p>\r\n  </td>\r\n </tr>\r\n</tbody></table>\r\n\r\n<div class=\"MsoListParagraphCxSpFirst\" align=\"center\" style=\"text-align:center\">\r\n\r\n<hr size=\"1\" width=\"100%\" align=\"center\">\r\n\r\n</div>\r\n\r\n<p class=\"MsoListParagraphCxSpMiddle\"><b>About this item<o:p></o:p></b></p>\r\n\r\n<p class=\"MsoListParagraphCxSpMiddle\" style=\"text-indent:-18.0pt;mso-list:l0 level1 lfo1;\r\ntab-stops:list 36.0pt\"><!--[if !supportLists]--><span style=\"font-size:10.0pt;\r\nmso-bidi-font-size:11.0pt;line-height:107%;font-family:Symbol;mso-fareast-font-family:\r\nSymbol;mso-bidi-font-family:Symbol\">·<span style=\"font-variant-numeric: normal; font-variant-east-asian: normal; font-variant-alternates: normal; font-size-adjust: none; font-kerning: auto; font-optical-sizing: auto; font-feature-settings: normal; font-variation-settings: normal; font-variant-position: normal; font-stretch: normal; font-size: 7pt; line-height: normal; font-family: &quot;Times New Roman&quot;;\">&nbsp;&nbsp;&nbsp;&nbsp;&nbsp;&nbsp;&nbsp;\r\n</span></span><!--[endif]-->WIRELESS+CABLE SIMULTANEOUS SYSTEM. SIT RELAX\r\nAND SHARE YOUR VIDEOS THROUGH SHARING.<o:p></o:p></p>\r\n\r\n<p class=\"MsoListParagraphCxSpMiddle\" style=\"text-indent:-18.0pt;mso-list:l0 level1 lfo1;\r\ntab-stops:list 36.0pt\"><!--[if !supportLists]--><span style=\"font-size:10.0pt;\r\nmso-bidi-font-size:11.0pt;line-height:107%;font-family:Symbol;mso-fareast-font-family:\r\nSymbol;mso-bidi-font-family:Symbol\">·<span style=\"font-variant-numeric: normal; font-variant-east-asian: normal; font-variant-alternates: normal; font-size-adjust: none; font-kerning: auto; font-optical-sizing: auto; font-feature-settings: normal; font-variation-settings: normal; font-variant-position: normal; font-stretch: normal; font-size: 7pt; line-height: normal; font-family: &quot;Times New Roman&quot;;\">&nbsp;&nbsp;&nbsp;&nbsp;&nbsp;&nbsp;&nbsp;\r\n</span></span><!--[endif]-->YOUTUBE BUILT-IN. NOW ENJOY YOUR YOUTUBE IN\r\nBIGGER SCREENS. NOW NO NEED OF MUCH DEVICES.<o:p></o:p></p>\r\n\r\n<p class=\"MsoListParagraphCxSpMiddle\" style=\"text-indent:-18.0pt;mso-list:l0 level1 lfo1;\r\ntab-stops:list 36.0pt\"><!--[if !supportLists]--><span style=\"font-size:10.0pt;\r\nmso-bidi-font-size:11.0pt;line-height:107%;font-family:Symbol;mso-fareast-font-family:\r\nSymbol;mso-bidi-font-family:Symbol\">·<span style=\"font-variant-numeric: normal; font-variant-east-asian: normal; font-variant-alternates: normal; font-size-adjust: none; font-kerning: auto; font-optical-sizing: auto; font-feature-settings: normal; font-variation-settings: normal; font-variant-position: normal; font-stretch: normal; font-size: 7pt; line-height: normal; font-family: &quot;Times New Roman&quot;;\">&nbsp;&nbsp;&nbsp;&nbsp;&nbsp;&nbsp;&nbsp;\r\n</span></span><!--[endif]-->DIFFUSE REFLECTION IMAGING TO PROTECT EYE HEALTH\r\nT5 USING THE PRINCIPAL OF DIFFUSE REFLECTION PROJECTION EVEN IF YOU WANT FOR\r\nLONG TIME<o:p></o:p></p>\r\n\r\n<p class=\"MsoListParagraphCxSpLast\" style=\"text-indent:-18.0pt;mso-list:l0 level1 lfo1;\r\ntab-stops:list 36.0pt\"><!--[if !supportLists]--><span style=\"font-size:10.0pt;\r\nmso-bidi-font-size:11.0pt;line-height:107%;font-family:Symbol;mso-fareast-font-family:\r\nSymbol;mso-bidi-font-family:Symbol\">·<span style=\"font-variant-numeric: normal; font-variant-east-asian: normal; font-variant-alternates: normal; font-size-adjust: none; font-kerning: auto; font-optical-sizing: auto; font-feature-settings: normal; font-variation-settings: normal; font-variant-position: normal; font-stretch: normal; font-size: 7pt; line-height: normal; font-family: &quot;Times New Roman&quot;;\">&nbsp;&nbsp;&nbsp;&nbsp;&nbsp;&nbsp;&nbsp;\r\n</span></span><!--[endif]-->WATCH MOVIES IN HD,RESTORE EVRY DETAILS. CINEMA\r\nLEVEL COLOR PERFOMANCE,THINNER AND BRIGHTER, UNIFORM BRIGHTNESS AND RICH COLOUR<o:p></o:p></p>', 'li_pro1.jpg', 'li_pro2.jpg', 'li_pro3.jpg', 0, 'In Stock', '2024-08-23 07:12:08', NULL),
(32, 8, 17, 'Epson EB-E01 XGA Projector Brightness: 3300lm with HDMI Port (White)', 'Epson', 32990, 38990, '<p class=\"MsoListParagraphCxSpFirst\"><b>About this item<o:p></o:p></b></p>\r\n\r\n<p class=\"MsoListParagraphCxSpMiddle\" style=\"text-indent:-18.0pt;mso-list:l0 level1 lfo1;\r\ntab-stops:list 36.0pt\"><!--[if !supportLists]--><span style=\"font-size:10.0pt;\r\nmso-bidi-font-size:11.0pt;line-height:107%;font-family:Symbol;mso-fareast-font-family:\r\nSymbol;mso-bidi-font-family:Symbol\">·<span style=\"font-variant-numeric: normal; font-variant-east-asian: normal; font-variant-alternates: normal; font-size-adjust: none; font-kerning: auto; font-optical-sizing: auto; font-feature-settings: normal; font-variation-settings: normal; font-variant-position: normal; font-stretch: normal; font-size: 7pt; line-height: normal; font-family: &quot;Times New Roman&quot;;\">&nbsp;&nbsp;&nbsp;&nbsp;&nbsp;&nbsp;&nbsp;\r\n</span></span><!--[endif]-->XGA Resolution<o:p></o:p></p>\r\n\r\n<p class=\"MsoListParagraphCxSpMiddle\" style=\"text-indent:-18.0pt;mso-list:l0 level1 lfo1;\r\ntab-stops:list 36.0pt\"><!--[if !supportLists]--><span style=\"font-size:10.0pt;\r\nmso-bidi-font-size:11.0pt;line-height:107%;font-family:Symbol;mso-fareast-font-family:\r\nSymbol;mso-bidi-font-family:Symbol\">·<span style=\"font-variant-numeric: normal; font-variant-east-asian: normal; font-variant-alternates: normal; font-size-adjust: none; font-kerning: auto; font-optical-sizing: auto; font-feature-settings: normal; font-variation-settings: normal; font-variant-position: normal; font-stretch: normal; font-size: 7pt; line-height: normal; font-family: &quot;Times New Roman&quot;;\">&nbsp;&nbsp;&nbsp;&nbsp;&nbsp;&nbsp;&nbsp;\r\n</span></span><!--[endif]-->3300 Lumens in Colour Brightness &amp; White\r\nBrightness)<o:p></o:p></p>\r\n\r\n<p class=\"MsoListParagraphCxSpMiddle\" style=\"text-indent:-18.0pt;mso-list:l0 level1 lfo1;\r\ntab-stops:list 36.0pt\"><!--[if !supportLists]--><span style=\"font-size:10.0pt;\r\nmso-bidi-font-size:11.0pt;line-height:107%;font-family:Symbol;mso-fareast-font-family:\r\nSymbol;mso-bidi-font-family:Symbol\">·<span style=\"font-variant-numeric: normal; font-variant-east-asian: normal; font-variant-alternates: normal; font-size-adjust: none; font-kerning: auto; font-optical-sizing: auto; font-feature-settings: normal; font-variation-settings: normal; font-variant-position: normal; font-stretch: normal; font-size: 7pt; line-height: normal; font-family: &quot;Times New Roman&quot;;\">&nbsp;&nbsp;&nbsp;&nbsp;&nbsp;&nbsp;&nbsp;\r\n</span></span><!--[endif]-->HDMI Built In<o:p></o:p></p>\r\n\r\n<p class=\"MsoListParagraphCxSpMiddle\" style=\"text-indent:-18.0pt;mso-list:l0 level1 lfo1;\r\ntab-stops:list 36.0pt\"><!--[if !supportLists]--><span style=\"font-size:10.0pt;\r\nmso-bidi-font-size:11.0pt;line-height:107%;font-family:Symbol;mso-fareast-font-family:\r\nSymbol;mso-bidi-font-family:Symbol\">·<span style=\"font-variant-numeric: normal; font-variant-east-asian: normal; font-variant-alternates: normal; font-size-adjust: none; font-kerning: auto; font-optical-sizing: auto; font-feature-settings: normal; font-variation-settings: normal; font-variant-position: normal; font-stretch: normal; font-size: 7pt; line-height: normal; font-family: &quot;Times New Roman&quot;;\">&nbsp;&nbsp;&nbsp;&nbsp;&nbsp;&nbsp;&nbsp;\r\n</span></span><!--[endif]-->Lamp Life 12000 Hrs (Eco Mode)<o:p></o:p></p>\r\n\r\n<p class=\"MsoListParagraphCxSpLast\" style=\"text-indent:-18.0pt;mso-list:l0 level1 lfo1;\r\ntab-stops:list 36.0pt\"><!--[if !supportLists]--><span style=\"font-size:10.0pt;\r\nmso-bidi-font-size:11.0pt;line-height:107%;font-family:Symbol;mso-fareast-font-family:\r\nSymbol;mso-bidi-font-family:Symbol\">·<span style=\"font-variant-numeric: normal; font-variant-east-asian: normal; font-variant-alternates: normal; font-size-adjust: none; font-kerning: auto; font-optical-sizing: auto; font-feature-settings: normal; font-variation-settings: normal; font-variant-position: normal; font-stretch: normal; font-size: 7pt; line-height: normal; font-family: &quot;Times New Roman&quot;;\">&nbsp;&nbsp;&nbsp;&nbsp;&nbsp;&nbsp;&nbsp;\r\n</span></span><!--[endif]-->Digital Zoom 1.35 X<o:p></o:p></p>', 'ep_pro1.jpg', 'ep_pro2.jpg', 'ep_pro3.jpg', 0, 'In Stock', '2024-08-23 07:14:13', NULL),
(33, 9, 18, 'HP Smart Tank 670 All-in-One Auto Duplex WiFi Integrated Ink Tank Colour Wired Color Home Inkjet Printers, Scanner, Copier- High Capacity Tank (6000 Black, 8000 Colour) with Automatic Ink Sensor', 'HP', 18999, 21300, '<p class=\"MsoListParagraphCxSpFirst\"><b>About this item<o:p></o:p></b></p>\r\n\r\n<p class=\"MsoListParagraphCxSpMiddle\" style=\"text-indent:-18.0pt;mso-list:l0 level1 lfo1;\r\ntab-stops:list 36.0pt\"><!--[if !supportLists]--><span style=\"font-size:10.0pt;\r\nmso-bidi-font-size:11.0pt;line-height:107%;font-family:Symbol;mso-fareast-font-family:\r\nSymbol;mso-bidi-font-family:Symbol\">·<span style=\"font-variant-numeric: normal; font-variant-east-asian: normal; font-variant-alternates: normal; font-size-adjust: none; font-kerning: auto; font-optical-sizing: auto; font-feature-settings: normal; font-variation-settings: normal; font-variant-position: normal; font-stretch: normal; font-size: 7pt; line-height: normal; font-family: &quot;Times New Roman&quot;;\">&nbsp;&nbsp;&nbsp;&nbsp;&nbsp;&nbsp;&nbsp;\r\n</span></span><!--[endif]--><span lang=\"EN-US\" style=\"font-family:&quot;MS Gothic&quot;;\r\nmso-bidi-font-family:&quot;MS Gothic&quot;\">?</span>All-in-One printer<span lang=\"EN-US\" style=\"font-family:&quot;MS Gothic&quot;;mso-bidi-font-family:&quot;MS Gothic&quot;\">?</span>Conveniently\r\nprint, scan, copy, and enjoy wireless functionality with this all-in-one\r\nprinter. Print clear documents and easily scan with a flatbed scanner.<o:p></o:p></p>\r\n\r\n<p class=\"MsoListParagraphCxSpMiddle\" style=\"text-indent:-18.0pt;mso-list:l0 level1 lfo1;\r\ntab-stops:list 36.0pt\"><!--[if !supportLists]--><span style=\"font-size:10.0pt;\r\nmso-bidi-font-size:11.0pt;line-height:107%;font-family:Symbol;mso-fareast-font-family:\r\nSymbol;mso-bidi-font-family:Symbol\">·<span style=\"font-variant-numeric: normal; font-variant-east-asian: normal; font-variant-alternates: normal; font-size-adjust: none; font-kerning: auto; font-optical-sizing: auto; font-feature-settings: normal; font-variation-settings: normal; font-variant-position: normal; font-stretch: normal; font-size: 7pt; line-height: normal; font-family: &quot;Times New Roman&quot;;\">&nbsp;&nbsp;&nbsp;&nbsp;&nbsp;&nbsp;&nbsp;\r\n</span></span><!--[endif]--><span lang=\"EN-US\" style=\"font-family:&quot;MS Gothic&quot;;\r\nmso-bidi-font-family:&quot;MS Gothic&quot;\">?</span>Seamless connectivity<span lang=\"EN-US\" style=\"font-family:&quot;MS Gothic&quot;;mso-bidi-font-family:&quot;MS Gothic&quot;\">?</span>This\r\nprinter is perfect for home use with its Wi-Fi, 2 Hi-Speed USB 2.0, and\r\nBluetooth connectivity options, ensuring uninterrupted workflow and easy\r\nsharing.<o:p></o:p></p>\r\n\r\n<p class=\"MsoListParagraphCxSpMiddle\" style=\"text-indent:-18.0pt;mso-list:l0 level1 lfo1;\r\ntab-stops:list 36.0pt\"><!--[if !supportLists]--><span style=\"font-size:10.0pt;\r\nmso-bidi-font-size:11.0pt;line-height:107%;font-family:Symbol;mso-fareast-font-family:\r\nSymbol;mso-bidi-font-family:Symbol\">·<span style=\"font-variant-numeric: normal; font-variant-east-asian: normal; font-variant-alternates: normal; font-size-adjust: none; font-kerning: auto; font-optical-sizing: auto; font-feature-settings: normal; font-variation-settings: normal; font-variant-position: normal; font-stretch: normal; font-size: 7pt; line-height: normal; font-family: &quot;Times New Roman&quot;;\">&nbsp;&nbsp;&nbsp;&nbsp;&nbsp;&nbsp;&nbsp;\r\n</span></span><!--[endif]--><span lang=\"EN-US\" style=\"font-family:&quot;MS Gothic&quot;;\r\nmso-bidi-font-family:&quot;MS Gothic&quot;\">?</span>Quality prints<span lang=\"EN-US\" style=\"font-family:&quot;MS Gothic&quot;;mso-bidi-font-family:&quot;MS Gothic&quot;\">?</span>Experience\r\nhigh-quality, clear, and vibrant prints with compatible HP GT53 90-ml Black\r\nbottle and HP GT52 70-ml Cyan/Magenta/Yellow bottles.<o:p></o:p></p>\r\n\r\n<p class=\"MsoListParagraphCxSpMiddle\" style=\"text-indent:-18.0pt;mso-list:l0 level1 lfo1;\r\ntab-stops:list 36.0pt\"><!--[if !supportLists]--><span style=\"font-size:10.0pt;\r\nmso-bidi-font-size:11.0pt;line-height:107%;font-family:Symbol;mso-fareast-font-family:\r\nSymbol;mso-bidi-font-family:Symbol\">·<span style=\"font-variant-numeric: normal; font-variant-east-asian: normal; font-variant-alternates: normal; font-size-adjust: none; font-kerning: auto; font-optical-sizing: auto; font-feature-settings: normal; font-variation-settings: normal; font-variant-position: normal; font-stretch: normal; font-size: 7pt; line-height: normal; font-family: &quot;Times New Roman&quot;;\">&nbsp;&nbsp;&nbsp;&nbsp;&nbsp;&nbsp;&nbsp;\r\n</span></span><!--[endif]--><span lang=\"EN-US\" style=\"font-family:&quot;MS Gothic&quot;;\r\nmso-bidi-font-family:&quot;MS Gothic&quot;\">?</span>Warranty and support<span lang=\"EN-US\" style=\"font-family:&quot;MS Gothic&quot;;mso-bidi-font-family:&quot;MS Gothic&quot;\">?</span>Benefit\r\nfrom a 1-year warranty and print with ultimate peace of mind. For any\r\nassistance, reach out to our 12x7 voice support or 24x7 chat support for quick\r\nhelp.<o:p></o:p></p>\r\n\r\n<p class=\"MsoListParagraphCxSpMiddle\" style=\"text-indent:-18.0pt;mso-list:l0 level1 lfo1;\r\ntab-stops:list 36.0pt\"><!--[if !supportLists]--><span style=\"font-size:10.0pt;\r\nmso-bidi-font-size:11.0pt;line-height:107%;font-family:Symbol;mso-fareast-font-family:\r\nSymbol;mso-bidi-font-family:Symbol\">·<span style=\"font-variant-numeric: normal; font-variant-east-asian: normal; font-variant-alternates: normal; font-size-adjust: none; font-kerning: auto; font-optical-sizing: auto; font-feature-settings: normal; font-variation-settings: normal; font-variant-position: normal; font-stretch: normal; font-size: 7pt; line-height: normal; font-family: &quot;Times New Roman&quot;;\">&nbsp;&nbsp;&nbsp;&nbsp;&nbsp;&nbsp;&nbsp;\r\n</span></span><!--[endif]--><span lang=\"EN-US\" style=\"font-family:&quot;MS Gothic&quot;;\r\nmso-bidi-font-family:&quot;MS Gothic&quot;\">?</span>Fast printing<span lang=\"EN-US\" style=\"font-family:&quot;MS Gothic&quot;;mso-bidi-font-family:&quot;MS Gothic&quot;\">?</span>Print\r\nquickly with speeds up to 12 ppm (black) and 7 ppm (color). Get your documents\r\nready in no time with duplex printing.<o:p></o:p></p>\r\n\r\n<p class=\"MsoListParagraphCxSpLast\" style=\"text-indent:-18.0pt;mso-list:l0 level1 lfo1;\r\ntab-stops:list 36.0pt\"><!--[if !supportLists]--><span style=\"font-size:10.0pt;\r\nmso-bidi-font-size:11.0pt;line-height:107%;font-family:Symbol;mso-fareast-font-family:\r\nSymbol;mso-bidi-font-family:Symbol\">·<span style=\"font-variant-numeric: normal; font-variant-east-asian: normal; font-variant-alternates: normal; font-size-adjust: none; font-kerning: auto; font-optical-sizing: auto; font-feature-settings: normal; font-variation-settings: normal; font-variant-position: normal; font-stretch: normal; font-size: 7pt; line-height: normal; font-family: &quot;Times New Roman&quot;;\">&nbsp;&nbsp;&nbsp;&nbsp;&nbsp;&nbsp;&nbsp;\r\n</span></span><!--[endif]--><span lang=\"EN-US\" style=\"font-family:&quot;MS Gothic&quot;;\r\nmso-bidi-font-family:&quot;MS Gothic&quot;\">?</span>Input and output<span lang=\"EN-US\" style=\"font-family:&quot;MS Gothic&quot;;mso-bidi-font-family:&quot;MS Gothic&quot;\">?</span>This\r\nprinter has a 60-sheet input tray and a 25-sheet output tray. It also supports\r\nstandard media sizes like A4, A5, A6, B5 (JIS), envelopes, and more.<o:p></o:p></p>', 'hp_pri1.jpg', 'hp_pri2.jpg', 'hp_pri3.jpg', 0, 'In Stock', '2024-08-23 07:15:49', NULL),
(34, 9, 18, 'Epson Ecotank L3252 Wi-Fi All-in-One Ink Tank Wireless Color LED Printers (Black)', 'Epson', 136699, 17999, '<p class=\"MsoNormal\"><b>About this item<o:p></o:p></b></p>\r\n\r\n<ul style=\"margin-top:0cm\" type=\"disc\">\r\n <li class=\"MsoNormal\">All-in-One\r\n     Printer (Print, Scan, Copy) with Duplex printing feature<o:p></o:p></li>\r\n <li class=\"MsoNormal\">Economical\r\n     and Eco-Friendly Heat Free technology.<o:p></o:p></li>\r\n <li class=\"MsoNormal\">Low\r\n     cost per page<o:p></o:p></li>\r\n <li class=\"MsoNormal\">Space-saving\r\n     Design, Spill-free Refilling<o:p></o:p></li>\r\n <li class=\"MsoNormal\">Smart\r\n     Wi-Fi and App enabled for easy and user-friendly usage.<o:p></o:p></li>\r\n <li class=\"MsoNormal\">Print\r\n     resolution - 5760 x 1440<o:p></o:p></li>\r\n <li class=\"MsoNormal\">Page\r\n     Size Supported: A4, A5, A6, B5, C6, DL<o:p></o:p></li>\r\n</ul>', 'ep_pri1.jpg', 'ep_pri2.jpg', 'ep_pri3.jpg', 0, 'In Stock', '2024-08-23 07:18:01', NULL),
(35, 9, 18, 'Canon Pixma MegaTank G2010 All-in-One Color Ink Tank Printer, USB, For Home & Office use, High Volume Printing, 8.8ppm Mono and 5ppm Color, Black', 'Canon', 8990, 16000, '<p class=\"MsoNormal\" style=\"margin-left:54.0pt\"><b>Key\r\nFeatures<o:p></o:p></b></p>\r\n\r\n<ul style=\"margin-top:0cm\" type=\"disc\">\r\n <li class=\"MsoNormal\">This Product is Supplied from Canon Aligned\r\n     Authorised Partner.<o:p></o:p></li>\r\n <li class=\"MsoNormal\">For Service Related Support, Reach out at\r\n     Customer Care Number: 1800 180 3366/Email: customersupport@canon.co.in.<o:p></o:p></li>\r\n <li class=\"MsoNormal\">High Page Yield Ink Bottles.<o:p></o:p></li>\r\n <li class=\"MsoNormal\">Integrated Ink Tank System.<o:p></o:p></li>\r\n <li class=\"MsoNormal\">Spill-Resistant Ink Bottle Design.<o:p></o:p></li>\r\n <li class=\"MsoNormal\">Poster Artist Lite Software.<o:p></o:p></li>\r\n <li class=\"MsoNormal\">Quality Photo and Document Printing.<o:p></o:p></li>\r\n <li class=\"MsoNormal\">New Panel Design for Even Easier Operation.<o:p></o:p></li>\r\n</ul>', 'cn_pri1.jpg', 'cn_pri2.jpg', 'cn_pri3.jpg', 0, 'In Stock', '2024-08-23 07:20:58', NULL),
(36, 9, 19, 'HP Scanjet Pro 2000 s2 Sheet-Feed Scanner', 'HP', 30999, 34599, '<b>&nbsp;Key Feature:-</b><table class=\"MsoNormalTable\" border=\"0\" cellspacing=\"0\" cellpadding=\"0\" width=\"440\" style=\"width: 330.05pt; background: white;\">\r\n <tbody><tr>\r\n  <td width=\"115\" valign=\"top\" style=\"width:86.4pt;padding:0cm 2.25pt 2.25pt 0cm\">\r\n  <p class=\"MsoNormal\"><b><span style=\"color:black;mso-color-alt:windowtext\">Media\r\n  Type</span></b><o:p></o:p></p>\r\n  </td>\r\n  <td width=\"325\" valign=\"top\" style=\"width:243.65pt;padding:0cm 0cm 2.25pt 2.25pt\">\r\n  <p class=\"MsoNormal\"><span style=\"color:black;mso-color-alt:windowtext\">USB</span><o:p></o:p></p>\r\n  </td>\r\n </tr>\r\n <tr>\r\n  <td width=\"115\" valign=\"top\" style=\"width:86.4pt;padding:2.25pt 2.25pt 2.25pt 0cm\">\r\n  <p class=\"MsoNormal\"><b><span style=\"color:black;mso-color-alt:windowtext\">Scanner\r\n  Type</span></b><o:p></o:p></p>\r\n  </td>\r\n  <td width=\"325\" valign=\"top\" style=\"width:243.65pt;padding:2.25pt 0cm 2.25pt 2.25pt\">\r\n  <p class=\"MsoNormal\"><span style=\"color:black;mso-color-alt:windowtext\">Document</span><o:p></o:p></p>\r\n  </td>\r\n </tr>\r\n <tr>\r\n  <td width=\"115\" valign=\"top\" style=\"width:86.4pt;padding:2.25pt 2.25pt 2.25pt 0cm\">\r\n  <p class=\"MsoNormal\"><b><span style=\"color:black;mso-color-alt:windowtext\">Brand</span></b><o:p></o:p></p>\r\n  </td>\r\n  <td width=\"325\" valign=\"top\" style=\"width:243.65pt;padding:2.25pt 0cm 2.25pt 2.25pt\">\r\n  <p class=\"MsoNormal\"><span style=\"color:black;mso-color-alt:windowtext\">HP</span><o:p></o:p></p>\r\n  </td>\r\n </tr>\r\n <tr>\r\n  <td width=\"115\" valign=\"top\" style=\"width:86.4pt;padding:2.25pt 2.25pt 2.25pt 0cm\">\r\n  <p class=\"MsoNormal\"><b><span style=\"color:black;mso-color-alt:windowtext\">Connectivity\r\n  Technology</span></b><o:p></o:p></p>\r\n  </td>\r\n  <td width=\"325\" valign=\"top\" style=\"width:243.65pt;padding:2.25pt 0cm 2.25pt 2.25pt\">\r\n  <p class=\"MsoNormal\"><span style=\"color:black;mso-color-alt:windowtext\">USB</span><o:p></o:p></p>\r\n  </td>\r\n </tr>\r\n <tr>\r\n  <td width=\"115\" valign=\"top\" style=\"width:86.4pt;padding:2.25pt 2.25pt 0cm 0cm\">\r\n  <p class=\"MsoNormal\"><b><span style=\"color:black;mso-color-alt:windowtext\">Resolution</span></b><o:p></o:p></p>\r\n  </td>\r\n  <td width=\"325\" valign=\"top\" style=\"width:243.65pt;padding:2.25pt 0cm 0cm 2.25pt\">\r\n  <p class=\"MsoNormal\"><span style=\"color:black;mso-color-alt:windowtext\">1200</span><o:p></o:p></p>\r\n  </td>\r\n </tr>\r\n</tbody></table>', 'hp_scc1.jpg', 'hp_scc2.jpg', 'hp_scc3.jpg', 0, 'In Stock', '2024-08-23 07:23:06', NULL),
(37, 9, 19, 'Epson B11B226401By Workforce Ds-530 - Document Scanner - Duplex - A4 - 600 Dpi X 600 Dpi - Up To 35 Ppm (Mono) / Up To 35 Ppm (Colour) - Adf (50 Sheets) - Up To 4000 Scans Per Day - Usb 3.0', 'Epson', 39599, 49999, '<table class=\"MsoNormalTable\" border=\"0\" cellspacing=\"0\" cellpadding=\"0\" width=\"440\" style=\"width: 330.05pt;\">\r\n <tbody><tr>\r\n  <td width=\"115\" valign=\"top\" style=\"width:86.4pt;padding:0cm 2.25pt 2.25pt 0cm\">\r\n  <p class=\"MsoNormal\"><b>&nbsp;</b><b style=\"background-color: transparent;\">About this item:-</b></p><p class=\"MsoNormal\"><b style=\"background-color: transparent;\">Media Type</b></p>\r\n  </td>\r\n  <td width=\"325\" valign=\"top\" style=\"width:243.65pt;padding:0cm 0cm 2.25pt 2.25pt\">\r\n  <p class=\"MsoNormal\"><br></p><p class=\"MsoNormal\">Business Card<o:p></o:p></p>\r\n  </td>\r\n </tr>\r\n <tr>\r\n  <td width=\"115\" valign=\"top\" style=\"width:86.4pt;padding:2.25pt 2.25pt 2.25pt 0cm\">\r\n  <p class=\"MsoNormal\"><b>Scanner Type</b><o:p></o:p></p>\r\n  </td>\r\n  <td width=\"325\" valign=\"top\" style=\"width:243.65pt;padding:2.25pt 0cm 2.25pt 2.25pt\">\r\n  <p class=\"MsoNormal\">Receipt, Document<o:p></o:p></p>\r\n  </td>\r\n </tr>\r\n <tr>\r\n  <td width=\"115\" valign=\"top\" style=\"width:86.4pt;padding:2.25pt 2.25pt 2.25pt 0cm\">\r\n  <p class=\"MsoNormal\"><b>Brand</b><o:p></o:p></p>\r\n  </td>\r\n  <td width=\"325\" valign=\"top\" style=\"width:243.65pt;padding:2.25pt 0cm 2.25pt 2.25pt\">\r\n  <p class=\"MsoNormal\">Epson<o:p></o:p></p>\r\n  </td>\r\n </tr>\r\n <tr>\r\n  <td width=\"115\" valign=\"top\" style=\"width:86.4pt;padding:2.25pt 2.25pt 2.25pt 0cm\">\r\n  <p class=\"MsoNormal\"><b>Connectivity Technology</b><o:p></o:p></p>\r\n  </td>\r\n  <td width=\"325\" valign=\"top\" style=\"width:243.65pt;padding:2.25pt 0cm 2.25pt 2.25pt\">\r\n  <p class=\"MsoNormal\">USB, Ethernet<o:p></o:p></p>\r\n  </td>\r\n </tr>\r\n <tr>\r\n  <td width=\"115\" valign=\"top\" style=\"width:86.4pt;padding:2.25pt 2.25pt 0cm 0cm\">\r\n  <p class=\"MsoNormal\"><b>Resolution</b><o:p></o:p></p>\r\n  </td>\r\n  <td width=\"325\" valign=\"top\" style=\"width:243.65pt;padding:2.25pt 0cm 0cm 2.25pt\">\r\n  <p class=\"MsoNormal\">600<o:p></o:p></p>\r\n  </td>\r\n </tr>\r\n</tbody></table>&nbsp;\r\n\r\n<ul style=\"margin-top:0cm\" type=\"disc\">\r\n <li class=\"MsoNormal\">Scan\r\n     at speeds up to 35ppm/70ipm (one-pass duplex)<o:p></o:p></li>\r\n <li class=\"MsoNormal\">Scan\r\n     up to A4<o:p></o:p></li>\r\n <li class=\"MsoNormal\">Scan\r\n     from 27gsm to 413gsm<o:p></o:p></li>\r\n <li class=\"MsoNormal\">Flatbed\r\n     option with the Flatbed Dock and Perfection V39<o:p></o:p></li>\r\n</ul>', 'ep_scc1.jpg', 'ep_scc2.jpg', 'ep_scc3.jpg', 0, 'In Stock', '2024-08-23 07:25:59', NULL),
(38, 9, 18, 'CANON LIDE400 Scanner', 'Canon', 10999, 13999, '<table class=\"MsoNormalTable\" border=\"0\" cellspacing=\"0\" cellpadding=\"0\" width=\"638\" style=\"width: 478.25pt;\">\r\n <tbody><tr>\r\n  <td width=\"167\" valign=\"top\" style=\"width:125.2pt;padding:0cm 2.25pt 2.25pt 0cm\">\r\n  <p class=\"MsoNormal\"><b>About this item:-</b><b><br></b></p><p class=\"MsoNormal\"><b>Media Type</b></p>\r\n  </td>\r\n  <td width=\"471\" valign=\"top\" style=\"width:353.05pt;padding:0cm 0cm 2.25pt 2.25pt\">\r\n  <p class=\"MsoNormal\"><br></p><p class=\"MsoNormal\">USB<o:p></o:p></p>\r\n  </td>\r\n </tr>\r\n <tr>\r\n  <td width=\"167\" valign=\"top\" style=\"width:125.2pt;padding:2.25pt 2.25pt 2.25pt 0cm\">\r\n  <p class=\"MsoNormal\"><b>Scanner Type</b><o:p></o:p></p>\r\n  </td>\r\n  <td width=\"471\" valign=\"top\" style=\"width:353.05pt;padding:2.25pt 0cm 2.25pt 2.25pt\">\r\n  <p class=\"MsoNormal\">Document<o:p></o:p></p>\r\n  </td>\r\n </tr>\r\n <tr>\r\n  <td width=\"167\" valign=\"top\" style=\"width:125.2pt;padding:2.25pt 2.25pt 2.25pt 0cm\">\r\n  <p class=\"MsoNormal\"><b>Brand</b><o:p></o:p></p>\r\n  </td>\r\n  <td width=\"471\" valign=\"top\" style=\"width:353.05pt;padding:2.25pt 0cm 2.25pt 2.25pt\">\r\n  <p class=\"MsoNormal\">Canon<o:p></o:p></p>\r\n  </td>\r\n </tr>\r\n <tr>\r\n  <td width=\"167\" valign=\"top\" style=\"width:125.2pt;padding:2.25pt 2.25pt 2.25pt 0cm\">\r\n  <p class=\"MsoNormal\"><b>Connectivity Technology</b><o:p></o:p></p>\r\n  </td>\r\n  <td width=\"471\" valign=\"top\" style=\"width:353.05pt;padding:2.25pt 0cm 2.25pt 2.25pt\">\r\n  <p class=\"MsoNormal\">USB<o:p></o:p></p>\r\n  </td>\r\n </tr>\r\n <tr>\r\n  <td width=\"167\" valign=\"top\" style=\"width:125.2pt;padding:2.25pt 2.25pt 0cm 0cm\">\r\n  <p class=\"MsoNormal\"><b>Resolution</b><o:p></o:p></p>\r\n  </td>\r\n  <td width=\"471\" valign=\"top\" style=\"width:353.05pt;padding:2.25pt 0cm 0cm 2.25pt\">\r\n  <p class=\"MsoNormal\">4800 dpi<o:p></o:p></p><p class=\"MsoNormal\"><br></p>\r\n  </td>\r\n </tr>\r\n</tbody></table>\r\n\r\n<ul style=\"margin-top:0cm\" type=\"disc\">\r\n <li class=\"MsoNormal\">Impressively\r\n     sharp<o:p></o:p></li>\r\n <li class=\"MsoNormal\">Space-saving\r\n     design<o:p></o:p></li>\r\n <li class=\"MsoNormal\">Improved\r\n     accuracy<o:p></o:p></li>\r\n <li class=\"MsoNormal\">Easy\r\n     functionality<o:p></o:p></li>\r\n <li class=\"MsoNormal\">Smart\r\n     connectivity<o:p></o:p></li>\r\n</ul>', 'cn_scc1.jpg', 'cn_scc2.jpg', 'cn_scc3.jpg', 0, 'Out of Stock', '2024-08-23 07:28:20', NULL);
INSERT INTO `products` (`id`, `category`, `subCategory`, `productName`, `productCompany`, `productPrice`, `productPriceBeforeDiscount`, `productDescription`, `productImage1`, `productImage2`, `productImage3`, `shippingCharge`, `productAvailability`, `postingDate`, `updationDate`) VALUES
(39, 11, 27, 'Apple iPhone 15 Plus (128 GB) - Blue', 'iPhone', 79999, 89990, '<p class=\"MsoListParagraphCxSpFirst\"><b>About this item<o:p></o:p></b></p>\r\n\r\n<p class=\"MsoListParagraphCxSpMiddle\" style=\"text-indent:-18.0pt;mso-list:l0 level1 lfo1;\r\ntab-stops:list 36.0pt\"><!--[if !supportLists]--><span style=\"font-size:10.0pt;\r\nmso-bidi-font-size:11.0pt;line-height:107%;font-family:Symbol;mso-fareast-font-family:\r\nSymbol;mso-bidi-font-family:Symbol\">·<span style=\"font-variant-numeric: normal; font-variant-east-asian: normal; font-variant-alternates: normal; font-size-adjust: none; font-kerning: auto; font-optical-sizing: auto; font-feature-settings: normal; font-variation-settings: normal; font-variant-position: normal; font-stretch: normal; font-size: 7pt; line-height: normal; font-family: &quot;Times New Roman&quot;;\">&nbsp;&nbsp;&nbsp;&nbsp;&nbsp;&nbsp;&nbsp;\r\n</span></span><!--[endif]-->DYNAMIC ISLAND COMES TO IPHONE 15 — Dynamic\r\nIsland bubbles up alerts and Live Activities — so you don’t miss them while\r\nyou’re doing something else. You can see who’s calling, track your next ride,\r\ncheck your flight status, and so much more.<o:p></o:p></p>\r\n\r\n<p class=\"MsoListParagraphCxSpMiddle\" style=\"text-indent:-18.0pt;mso-list:l0 level1 lfo1;\r\ntab-stops:list 36.0pt\"><!--[if !supportLists]--><span style=\"font-size:10.0pt;\r\nmso-bidi-font-size:11.0pt;line-height:107%;font-family:Symbol;mso-fareast-font-family:\r\nSymbol;mso-bidi-font-family:Symbol\">·<span style=\"font-variant-numeric: normal; font-variant-east-asian: normal; font-variant-alternates: normal; font-size-adjust: none; font-kerning: auto; font-optical-sizing: auto; font-feature-settings: normal; font-variation-settings: normal; font-variant-position: normal; font-stretch: normal; font-size: 7pt; line-height: normal; font-family: &quot;Times New Roman&quot;;\">&nbsp;&nbsp;&nbsp;&nbsp;&nbsp;&nbsp;&nbsp;\r\n</span></span><!--[endif]-->INNOVATIVE DESIGN — iPhone 15 Plus features a\r\ndurable color-infused glass and aluminum design. It’s splash, water, and dust\r\nresistant. The Ceramic Shield front is tougher than any smartphone glass. And\r\nthe 6.7\" Super Retina XDR display is up to 2x brighter in the sun compared\r\nto iPhone 14.<o:p></o:p></p>\r\n\r\n<p class=\"MsoListParagraphCxSpMiddle\" style=\"text-indent:-18.0pt;mso-list:l0 level1 lfo1;\r\ntab-stops:list 36.0pt\"><!--[if !supportLists]--><span style=\"font-size:10.0pt;\r\nmso-bidi-font-size:11.0pt;line-height:107%;font-family:Symbol;mso-fareast-font-family:\r\nSymbol;mso-bidi-font-family:Symbol\">·<span style=\"font-variant-numeric: normal; font-variant-east-asian: normal; font-variant-alternates: normal; font-size-adjust: none; font-kerning: auto; font-optical-sizing: auto; font-feature-settings: normal; font-variation-settings: normal; font-variant-position: normal; font-stretch: normal; font-size: 7pt; line-height: normal; font-family: &quot;Times New Roman&quot;;\">&nbsp;&nbsp;&nbsp;&nbsp;&nbsp;&nbsp;&nbsp;\r\n</span></span><!--[endif]-->48MP MAIN CAMERA WITH 2X TELEPHOTO — The 48MP\r\nMain camera shoots in super-high resolution. So it’s easier than ever to take\r\nstandout photos with amazing detail. The 2x optical-quality Telephoto lets you\r\nframe the perfect close-up.<o:p></o:p></p>\r\n\r\n<p class=\"MsoListParagraphCxSpMiddle\" style=\"text-indent:-18.0pt;mso-list:l0 level1 lfo1;\r\ntab-stops:list 36.0pt\"><!--[if !supportLists]--><span style=\"font-size:10.0pt;\r\nmso-bidi-font-size:11.0pt;line-height:107%;font-family:Symbol;mso-fareast-font-family:\r\nSymbol;mso-bidi-font-family:Symbol\">·<span style=\"font-variant-numeric: normal; font-variant-east-asian: normal; font-variant-alternates: normal; font-size-adjust: none; font-kerning: auto; font-optical-sizing: auto; font-feature-settings: normal; font-variation-settings: normal; font-variant-position: normal; font-stretch: normal; font-size: 7pt; line-height: normal; font-family: &quot;Times New Roman&quot;;\">&nbsp;&nbsp;&nbsp;&nbsp;&nbsp;&nbsp;&nbsp;\r\n</span></span><!--[endif]-->NEXT-GENERATION PORTRAITS — Capture portraits\r\nwith dramatically more detail and color. Just tap to shift the focus between\r\nsubjects — even after you take the shot.<o:p></o:p></p>\r\n\r\n<p class=\"MsoListParagraphCxSpLast\" style=\"text-indent:-18.0pt;mso-list:l0 level1 lfo1;\r\ntab-stops:list 36.0pt\"><!--[if !supportLists]--><span style=\"font-size:10.0pt;\r\nmso-bidi-font-size:11.0pt;line-height:107%;font-family:Symbol;mso-fareast-font-family:\r\nSymbol;mso-bidi-font-family:Symbol\">·<span style=\"font-variant-numeric: normal; font-variant-east-asian: normal; font-variant-alternates: normal; font-size-adjust: none; font-kerning: auto; font-optical-sizing: auto; font-feature-settings: normal; font-variation-settings: normal; font-variant-position: normal; font-stretch: normal; font-size: 7pt; line-height: normal; font-family: &quot;Times New Roman&quot;;\">&nbsp;&nbsp;&nbsp;&nbsp;&nbsp;&nbsp;&nbsp;\r\n</span></span><!--[endif]-->POWERHOUSE A16 BIONIC CHIP — The superfast chip\r\npowers advanced features like computational photography, fluid Dynamic Island\r\ntransitions, and Voice Isolation for phone calls. And A16 Bionic is incredibly\r\nefficient to help deliver great all-day battery life.<o:p></o:p></p>', 'iphone_mob1.jpg', 'iphone_mob2.jpg', 'iphone_mob3.jpg', 0, 'In Stock', '2024-08-23 07:39:12', NULL),
(40, 10, 20, 'Acer Aspire Lite 13th Gen Intel Core i3-1305U Thin and Light Premium Laptop (Windows 11 Home/8 GB RAM/512GB SSD/36 WHR) AL15-53 with 39.62cm (15.6\") Full HD Display, Metal Body, Steel Gray, 1.59 KG', 'Acer', 34599, 50999, '<p class=\"MsoNormal\"><b>About this item<o:p></o:p></b></p>\r\n\r\n<ul style=\"margin-top:0cm\" type=\"disc\">\r\n <li class=\"MsoNormal\">Powerful\r\n     Productivity: Latest 13th Generation Intel Core i3-1305U Processor\r\n     delivers unmatched speed and intelligence, enabling impressive creating,\r\n     productivity, and gaming experiences. With Turbo Boost Technology, get up\r\n     to 4.5GHz for your high-demand applications. Connectivity Technology:\r\n     Wi-Fi, Bluetooth, HDMI<o:p></o:p></li>\r\n <li class=\"MsoNormal\">Visibly\r\n     Stunning: Experience sharp details and crisp colors on the 15.6\" Full\r\n     HD display, 16:9 aspect ratio, ultra-slim design and narrow bezels.<o:p></o:p></li>\r\n <li class=\"MsoNormal\">Internal\r\n     Specifications: RAM - 8 GB of Dual-channel DDR4, 2 SODIMM sockets; Storage\r\n     - 512 GB SSD NVMe solid-state drive storage (expandable up to 1TB) to\r\n     store your files and media<o:p></o:p></li>\r\n <li class=\"MsoNormal\">Ports:\r\n     one Type-C port, two USB 2.0 Type-A port, and one USB 3.2 Type-A port.<o:p></o:p></li>\r\n <li class=\"MsoNormal\">Keyboard:\r\n     100-/101-/104-key keyboard with independent numeric keypad, international\r\n     language support<o:p></o:p></li>\r\n</ul>', 'acer_lep1.jpg', 'acer_lep2.jpg', 'acer_lep3.jpg', 0, 'In Stock', '2024-08-23 07:50:19', NULL),
(41, 10, 20, 'Lenovo IdeaPad Slim 3 12th Gen Intel Core i5-12450H 15.6\" (39.6cm) FHD IPS Thin & Light Laptop (16GB/512GB SSD/Win 11/Office 21/Backlit KB/1 Yr ADP Free/3 Mon. Game Pass/Grey/1.6Kg), 83ER008DIN', 'Lenovo', 50999, 70599, '<p class=\"MsoNormal\"><b>About this item<o:p></o:p></b></p>\r\n\r\n<ul style=\"margin-top:0cm\" type=\"disc\">\r\n <li class=\"MsoNormal\"><b>Processor:\r\n     Intel Core i5-12450H | Speed: 2.0 GHz (Base) - 4.4 GHz (Max) | 8 Cores |\r\n     12 Threads | 12MB Cache<o:p></o:p></b></li>\r\n <li class=\"MsoNormal\"><b>Display:\r\n     15.6\" FHD (1920x1080) | 300Nits Brightness | Anti Glare |TUV Low Blue\r\n     Light Certified<o:p></o:p></b></li>\r\n <li class=\"MsoNormal\"><b>Memory\r\n     and Storage: 16GB RAM LPDDR5-4800 | 512 GB SSD<o:p></o:p></b></li>\r\n <li class=\"MsoNormal\"><b>OS\r\n     and Software: Windows 11 Home Single Language | Office Home and Student\r\n     2021 | Xbox GamePass Ultimate 3-month subscription<o:p></o:p></b></li>\r\n <li class=\"MsoNormal\"><b>Design:\r\n     4 side narrow bezel | 1.79 cm Ultra Thin &amp; 1.62 kg Light || Smart\r\n     Learning Features : Lenovo Aware | Whisper Voice | Eye Care<o:p></o:p></b></li>\r\n <li class=\"MsoNormal\"><b>Battery\r\n     Life: 3-Cell 47Wh | Upto 12 Hours |Adaptive Performance with Smart Power |\r\n     Rapid Charge (Upto 2 Hrs video playback in 15 min)<o:p></o:p></b></li>\r\n <li class=\"MsoNormal\"><b>Camera:\r\n     FHD 1080p with Privacy Shutter | Fixed Focus | Integrated Dual Array\r\n     Microphone || Audio: 2x 1.5W HD Stereo Speakers | Dolby Audio | User\r\n     Facing Speakers for Immersive Experience<o:p></o:p></b></li>\r\n</ul>\r\n\r\n<ul style=\"margin-top:0cm\" type=\"disc\">\r\n <li class=\"MsoNormal\"><b>Ports:\r\n     2x USB-A 3.2 Gen 1 | 1x USB-C 3.2 Gen 1 (Data transfer, Power Delivery\r\n     3.0, &amp; DisplayPort 1.2) | 1x Headphone/microphone combo jack (3.5mm) |\r\n     1x HDMI 1.4b | 1x Card Reader<o:p></o:p></b></li>\r\n <li class=\"MsoNormal\"><b>Mil.\r\n     Grade : MIL-STD-810H Qualified Design| Qualified for various Mil.\r\n     Specification Tests like Low &amp; High Temp (-25 to 63°C for 4 hrs)| Temp\r\n     Shock (-25 to 63°C one way temp Shock)| Shock (122cm+ Drop Test)|\r\n     Vibration (4-32Hz over 2 hrs)<o:p></o:p></b></li>\r\n <li class=\"MsoNormal\"><b>Warranty:\r\n     This genuine Lenovo laptop comes with 1 yr onsite manufacturer warranty +\r\n     1yr Accidental Damage Protection<o:p></o:p></b></li>\r\n</ul>', 'len_lep1.jpg', 'len_lep2.jpg', 'len_lep3.jpg', 0, 'Out of Stock', '2024-08-23 07:52:08', NULL),
(42, 11, 27, 'Vivo V29 Pro 5G Smartphone (Himalayan Blue, 8GB RAM, 256GB Storage)', 'Vivo', 34990, 39999, '<p class=\"MsoListParagraphCxSpFirst\"><b>About this item<o:p></o:p></b></p>\r\n\r\n<p class=\"MsoListParagraphCxSpMiddle\" style=\"text-indent:-18.0pt;mso-list:l0 level1 lfo1;\r\ntab-stops:list 36.0pt\"><!--[if !supportLists]--><span style=\"font-size:10.0pt;\r\nmso-bidi-font-size:11.0pt;line-height:107%;font-family:Symbol;mso-fareast-font-family:\r\nSymbol;mso-bidi-font-family:Symbol\">·<span style=\"font-variant-numeric: normal; font-variant-east-asian: normal; font-variant-alternates: normal; font-size-adjust: none; font-kerning: auto; font-optical-sizing: auto; font-feature-settings: normal; font-variation-settings: normal; font-variant-position: normal; font-stretch: normal; font-size: 7pt; line-height: normal; font-family: &quot;Times New Roman&quot;;\">&nbsp;&nbsp;&nbsp;&nbsp;&nbsp;&nbsp;&nbsp;\r\n</span></span><!--[endif]-->The phone features a streamlined 3D curved\r\ndisplay with a seamless transition between the smooth and delicate curved\r\nsurface and the frame. With a thickness of a mere 0.746 cm (7.46 mm) , it\r\noffers visually appealing design and a comfortable grip.<o:p></o:p></p>\r\n\r\n<p class=\"MsoListParagraphCxSpMiddle\" style=\"text-indent:-18.0pt;mso-list:l0 level1 lfo1;\r\ntab-stops:list 36.0pt\"><!--[if !supportLists]--><span style=\"font-size:10.0pt;\r\nmso-bidi-font-size:11.0pt;line-height:107%;font-family:Symbol;mso-fareast-font-family:\r\nSymbol;mso-bidi-font-family:Symbol\">·<span style=\"font-variant-numeric: normal; font-variant-east-asian: normal; font-variant-alternates: normal; font-size-adjust: none; font-kerning: auto; font-optical-sizing: auto; font-feature-settings: normal; font-variation-settings: normal; font-variant-position: normal; font-stretch: normal; font-size: 7pt; line-height: normal; font-family: &quot;Times New Roman&quot;;\">&nbsp;&nbsp;&nbsp;&nbsp;&nbsp;&nbsp;&nbsp;\r\n</span></span><!--[endif]-->With the new generation of smart aura light with\r\nchanging colour temperatures, allowing you to shine brilliantly always and\r\neverywhere even in low light conditions. The aura light not only enhances\r\nvisual appeal, but also provides impressive lighting in both extreme warm &amp;\r\ncool lighting conditions resulting in stunning portraits.<o:p></o:p></p>\r\n\r\n<p class=\"MsoListParagraphCxSpMiddle\" style=\"text-indent:-18.0pt;mso-list:l0 level1 lfo1;\r\ntab-stops:list 36.0pt\"><!--[if !supportLists]--><span style=\"font-size:10.0pt;\r\nmso-bidi-font-size:11.0pt;line-height:107%;font-family:Symbol;mso-fareast-font-family:\r\nSymbol;mso-bidi-font-family:Symbol\">·<span style=\"font-variant-numeric: normal; font-variant-east-asian: normal; font-variant-alternates: normal; font-size-adjust: none; font-kerning: auto; font-optical-sizing: auto; font-feature-settings: normal; font-variation-settings: normal; font-variant-position: normal; font-stretch: normal; font-size: 7pt; line-height: normal; font-family: &quot;Times New Roman&quot;;\">&nbsp;&nbsp;&nbsp;&nbsp;&nbsp;&nbsp;&nbsp;\r\n</span></span><!--[endif]-->Use the front camera to capture group pictures\r\nwith friends or family members during gatherings, holidays and travels.\r\nIndustry-leading 50 MP, f/2.0 aperture, upgraded Field Of View 92 degree, and\r\nautofocus (AF). With multiple improvements, the front camera goes beyond the\r\nlimitation of single-person selfies. It allows for stunning group selfies<o:p></o:p></p>\r\n\r\n<p class=\"MsoListParagraphCxSpMiddle\" style=\"text-indent:-18.0pt;mso-list:l0 level1 lfo1;\r\ntab-stops:list 36.0pt\"><!--[if !supportLists]--><span style=\"font-size:10.0pt;\r\nmso-bidi-font-size:11.0pt;line-height:107%;font-family:Symbol;mso-fareast-font-family:\r\nSymbol;mso-bidi-font-family:Symbol\">·<span style=\"font-variant-numeric: normal; font-variant-east-asian: normal; font-variant-alternates: normal; font-size-adjust: none; font-kerning: auto; font-optical-sizing: auto; font-feature-settings: normal; font-variation-settings: normal; font-variant-position: normal; font-stretch: normal; font-size: 7pt; line-height: normal; font-family: &quot;Times New Roman&quot;;\">&nbsp;&nbsp;&nbsp;&nbsp;&nbsp;&nbsp;&nbsp;\r\n</span></span><!--[endif]-->This phone has a 2X Pro Portrait lens with the\r\nSony IMX 663 Sensor which helps you capture portraits from 0.5-2 metres, with\r\nstunning clarity, while making the subject stand out with a soft background\r\nblur.<o:p></o:p></p>\r\n\r\n<p class=\"MsoListParagraphCxSpLast\" style=\"text-indent:-18.0pt;mso-list:l0 level1 lfo1;\r\ntab-stops:list 36.0pt\"><!--[if !supportLists]--><span style=\"font-size:10.0pt;\r\nmso-bidi-font-size:11.0pt;line-height:107%;font-family:Symbol;mso-fareast-font-family:\r\nSymbol;mso-bidi-font-family:Symbol\">·<span style=\"font-variant-numeric: normal; font-variant-east-asian: normal; font-variant-alternates: normal; font-size-adjust: none; font-kerning: auto; font-optical-sizing: auto; font-feature-settings: normal; font-variation-settings: normal; font-variant-position: normal; font-stretch: normal; font-size: 7pt; line-height: normal; font-family: &quot;Times New Roman&quot;;\">&nbsp;&nbsp;&nbsp;&nbsp;&nbsp;&nbsp;&nbsp;\r\n</span></span><!--[endif]-->V Series in-house developed FlashCharge\r\nTechnology allows for 80 W of charging power that charges 1-50% in just 18\r\nmins. Combined with an advanced heat dissipation system, your phone can be\r\nfully charged quickly in various scenarios such as while having breakfast or at\r\nthe airport<o:p></o:p></p>', 'vivo_mob1.jpg', 'vivo_mob2.jpg', 'vivo_mob3.jpg', 0, 'In Stock', '2024-08-23 08:23:23', NULL),
(43, 11, 27, 'Samsung Galaxy S23 5G Snapdragon (Cream, 8GB, 128GB Storage)', 'Samsung', 50999, 89999, '<p class=\"MsoListParagraphCxSpFirst\"><b>About this item<o:p></o:p></b></p>\r\n\r\n<p class=\"MsoListParagraphCxSpMiddle\" style=\"text-indent:-18.0pt;mso-list:l0 level1 lfo1;\r\ntab-stops:list 36.0pt\"><!--[if !supportLists]--><span style=\"font-size:10.0pt;\r\nmso-bidi-font-size:11.0pt;line-height:107%;font-family:Symbol;mso-fareast-font-family:\r\nSymbol;mso-bidi-font-family:Symbol\">·<span style=\"font-variant-numeric: normal; font-variant-east-asian: normal; font-variant-alternates: normal; font-size-adjust: none; font-kerning: auto; font-optical-sizing: auto; font-feature-settings: normal; font-variation-settings: normal; font-variant-position: normal; font-stretch: normal; font-size: 7pt; line-height: normal; font-family: &quot;Times New Roman&quot;;\">&nbsp;&nbsp;&nbsp;&nbsp;&nbsp;&nbsp;&nbsp;\r\n</span></span><!--[endif]-->CAPTURE THE NIGHT IN LOW LIGHT: Whether you’re\r\nheaded to a concert or romantic night out, there’s no such thing as bad\r\nlighting with Night Mode; Galaxy S23 lets you capture epic content in any\r\nsetting with stunning Nightography<o:p></o:p></p>\r\n\r\n<p class=\"MsoListParagraphCxSpMiddle\" style=\"text-indent:-18.0pt;mso-list:l0 level1 lfo1;\r\ntab-stops:list 36.0pt\"><!--[if !supportLists]--><span style=\"font-size:10.0pt;\r\nmso-bidi-font-size:11.0pt;line-height:107%;font-family:Symbol;mso-fareast-font-family:\r\nSymbol;mso-bidi-font-family:Symbol\">·<span style=\"font-variant-numeric: normal; font-variant-east-asian: normal; font-variant-alternates: normal; font-size-adjust: none; font-kerning: auto; font-optical-sizing: auto; font-feature-settings: normal; font-variation-settings: normal; font-variant-position: normal; font-stretch: normal; font-size: 7pt; line-height: normal; font-family: &quot;Times New Roman&quot;;\">&nbsp;&nbsp;&nbsp;&nbsp;&nbsp;&nbsp;&nbsp;\r\n</span></span><!--[endif]-->HIGH CAMERA RESOLUTION: Create crystal-clear\r\ncontent worth sharing with the 50MP high-resolution camera of Galaxy S23;\r\nWhether you’re posting or printing, Galaxy S23 always does the moment justice<o:p></o:p></p>\r\n\r\n<p class=\"MsoListParagraphCxSpMiddle\" style=\"text-indent:-18.0pt;mso-list:l0 level1 lfo1;\r\ntab-stops:list 36.0pt\"><!--[if !supportLists]--><span style=\"font-size:10.0pt;\r\nmso-bidi-font-size:11.0pt;line-height:107%;font-family:Symbol;mso-fareast-font-family:\r\nSymbol;mso-bidi-font-family:Symbol\">·<span style=\"font-variant-numeric: normal; font-variant-east-asian: normal; font-variant-alternates: normal; font-size-adjust: none; font-kerning: auto; font-optical-sizing: auto; font-feature-settings: normal; font-variation-settings: normal; font-variant-position: normal; font-stretch: normal; font-size: 7pt; line-height: normal; font-family: &quot;Times New Roman&quot;;\">&nbsp;&nbsp;&nbsp;&nbsp;&nbsp;&nbsp;&nbsp;\r\n</span></span><!--[endif]-->FASTEST MOBILE PROCESSOR AVAILABLE: Whether\r\nyou’re working hard, playing hard or doing both at the same time, smoothly\r\nswitch between apps with our fastest processor ever<o:p></o:p></p>\r\n\r\n<p class=\"MsoListParagraphCxSpMiddle\" style=\"text-indent:-18.0pt;mso-list:l0 level1 lfo1;\r\ntab-stops:list 36.0pt\"><!--[if !supportLists]--><span style=\"font-size:10.0pt;\r\nmso-bidi-font-size:11.0pt;line-height:107%;font-family:Symbol;mso-fareast-font-family:\r\nSymbol;mso-bidi-font-family:Symbol\">·<span style=\"font-variant-numeric: normal; font-variant-east-asian: normal; font-variant-alternates: normal; font-size-adjust: none; font-kerning: auto; font-optical-sizing: auto; font-feature-settings: normal; font-variation-settings: normal; font-variant-position: normal; font-stretch: normal; font-size: 7pt; line-height: normal; font-family: &quot;Times New Roman&quot;;\">&nbsp;&nbsp;&nbsp;&nbsp;&nbsp;&nbsp;&nbsp;\r\n</span></span><!--[endif]-->UNLOCK SMOOTH GAMING: Game at full throttle and\r\nsmoothly switch between apps; Get more done with our fastest processor ever\r\ncombined with massive internal storage; And if you’re on the move, keep going\r\nwith a screen that adapts to your environment<o:p></o:p></p>\r\n\r\n<p class=\"MsoListParagraphCxSpLast\" style=\"text-indent:-18.0pt;mso-list:l0 level1 lfo1;\r\ntab-stops:list 36.0pt\"><!--[if !supportLists]--><span style=\"font-size:10.0pt;\r\nmso-bidi-font-size:11.0pt;line-height:107%;font-family:Symbol;mso-fareast-font-family:\r\nSymbol;mso-bidi-font-family:Symbol\">·<span style=\"font-variant-numeric: normal; font-variant-east-asian: normal; font-variant-alternates: normal; font-size-adjust: none; font-kerning: auto; font-optical-sizing: auto; font-feature-settings: normal; font-variation-settings: normal; font-variant-position: normal; font-stretch: normal; font-size: 7pt; line-height: normal; font-family: &quot;Times New Roman&quot;;\">&nbsp;&nbsp;&nbsp;&nbsp;&nbsp;&nbsp;&nbsp;\r\n</span></span><!--[endif]-->POWER TO KEEP GOING: Whether you’re capturing a\r\nmemory or catching up with friends, Galaxy S23 will be ready when you need it\r\nmost; With a 3,900mAh battery*, stay in the moment without worrying about your\r\nphone dying<o:p></o:p></p>', 'sam_mob1.jpg', 'sam_mob2.jpg', 'sam_mob3.jpg', 0, 'In Stock', '2024-08-23 08:26:29', NULL),
(44, 10, 21, 'HP All-in-One PC 13th Gen Intel Core i5 27\" (68.6cm) FHD 16GB RAM, 1TB SSD, Intel UMA Graphics, 710 White Wireless Keyboard and Mouse Combo (Windows 11 Home, MSO 21, Shell White, 6.72 Kg) 27-cr0407in', 'HP', 69990, 93952, '<table class=\"MsoNormalTable\" border=\"0\" cellspacing=\"0\" cellpadding=\"0\" width=\"255\" style=\"width: 191.4pt; background: white;\">\r\n <tbody><tr>\r\n  <td width=\"255\" valign=\"top\" style=\"width:191.4pt;padding:0cm 2.25pt 2.25pt 0cm\">\r\n  <p class=\"MsoNormal\"><span style=\"font-size:12.0pt;line-height:107%;font-family:\r\n  &quot;Arial&quot;,sans-serif;color:#0F1111\">About this item</span><o:p></o:p></p>\r\n  </td>\r\n </tr>\r\n <tr>\r\n  <td width=\"255\" valign=\"top\" style=\"width:191.4pt;padding:2.25pt 2.25pt 2.25pt 0cm\">\r\n  <p class=\"MsoNormal\"><span class=\"a-list-item\"><span style=\"font-size:10.5pt;\r\n  line-height:107%;font-family:&quot;Arial&quot;,sans-serif;color:#0F1111\">Processor:\r\n  Intel Core i5-1335U (up to 4.6 GHz with Intel Turbo Boost Technology, 12 MB\r\n  L3 cache, 10 cores, 12 threads)| Memory: 16 GB DDR4-3200 MHz RAM (2 x 8\r\n  GB)|Storage: 1 TB PCIe </span></span><span class=\"TitleChar\"><span style=\"font-size:10.5pt;line-height:107%;font-family:&quot;Arial&quot;,sans-serif;\r\n  color:#0F1111\">NVMe M.2 SS</span></span><span class=\"a-list-item\"><span style=\"font-size:10.5pt;line-height:107%;font-family:&quot;Arial&quot;,sans-serif;\r\n  color:#0F1111\">D</span></span><o:p></o:p></p>\r\n  </td>\r\n </tr>\r\n <tr>\r\n  <td width=\"255\" valign=\"top\" style=\"width:191.4pt;padding:2.25pt 2.25pt 2.25pt 0cm\">\r\n  <p class=\"MsoNormal\"><span class=\"a-list-item\"><span style=\"font-size:10.5pt;\r\n  line-height:107%;font-family:&quot;Arial&quot;,sans-serif;color:#0F1111\">Operating\r\n  System &amp; Software: Windows 11 Home| Microsoft Office Home &amp; Student\r\n  Editi</span></span><span class=\"TitleChar\"><span style=\"font-size:10.5pt;\r\n  line-height:107%;font-family:&quot;Arial&quot;,sans-serif;color:#0F1111\">on 202</span></span><span class=\"a-list-item\"><span style=\"font-size:10.5pt;line-height:107%;font-family:\r\n  &quot;Arial&quot;,sans-serif;color:#0F1111\">1</span></span><o:p></o:p></p>\r\n  </td>\r\n </tr>\r\n <tr>\r\n  <td width=\"255\" valign=\"top\" style=\"width:191.4pt;padding:2.25pt 2.25pt 2.25pt 0cm\">\r\n  <p class=\"MsoNormal\"><span class=\"a-list-item\"><span style=\"font-size:10.5pt;\r\n  line-height:107%;font-family:&quot;Arial&quot;,sans-serif;color:#0F1111\">Disp</span></span><span class=\"TitleChar\"><span style=\"font-size:10.5pt;line-height:107%;font-family:\r\n  &quot;Arial&quot;,sans-serif;color:#0F1111\">lay &amp; Graphics:68.6 cm (27\")\r\n  diagonal, FHD touch, IPS, three-sided micro-edge, glossy, Brightness: 300nits\r\n  Color Gamut: 72% NTSC Resolution: 1920 x 1080| Graphics: Intel UMA Graphics</span></span><o:p></o:p></p>\r\n  </td>\r\n </tr>\r\n <tr>\r\n  <td width=\"255\" valign=\"top\" style=\"width:191.4pt;padding:2.25pt 2.25pt 0cm 0cm\">\r\n  <p class=\"MsoNormal\"><span class=\"TitleChar\"><span style=\"font-size:10.5pt;\r\n  line-height:107%;font-family:&quot;Arial&quot;,sans-serif;color:#0F1111\">Ports:2 USB\r\n  2.0 Type-A;2 USB Type-A 5Gbps signaling rate;1 USB Type-C 5Gbps signaling\r\n  rate,1 RJ-45</span></span><o:p></o:p></p>\r\n  </td>\r\n </tr>\r\n</tbody></table>', 'hp_desk1.jpg', 'hp_desk2.jpg', 'hp_desk3.jpg', 0, 'In Stock', '2024-08-23 08:30:10', NULL),
(45, 10, 21, 'Acer C24 23.8 inch Full HD IPS All In One Desktop I Intel Core i3-1155G4 I 8GB DDR4 I 512GB SSD I Windows 11 Home I Full HD 5.0 MP Camera I Wireless Keyboard & Mouse | Integrated 3W x 2 Stereo Speaker', 'Acer', 44590, 70990, '<p class=\"MsoListParagraphCxSpFirst\"><b>About this item<o:p></o:p></b></p>\r\n\r\n<p class=\"MsoListParagraphCxSpMiddle\" style=\"text-indent:-18.0pt;mso-list:l0 level1 lfo1;\r\ntab-stops:list 36.0pt\"><!--[if !supportLists]--><span style=\"font-size:10.0pt;\r\nmso-bidi-font-size:11.0pt;line-height:107%;font-family:Symbol;mso-fareast-font-family:\r\nSymbol;mso-bidi-font-family:Symbol\">·<span style=\"font-variant-numeric: normal; font-variant-east-asian: normal; font-variant-alternates: normal; font-size-adjust: none; font-kerning: auto; font-optical-sizing: auto; font-feature-settings: normal; font-variation-settings: normal; font-variant-position: normal; font-stretch: normal; font-size: 7pt; line-height: normal; font-family: &quot;Times New Roman&quot;;\">&nbsp;&nbsp;&nbsp;&nbsp;&nbsp;&nbsp;&nbsp;\r\n</span></span><!--[endif]-->11th Gen Core i3 Processor 1155G4 I Speed 1 GHz\r\n(Base) 4.10 GHz ( Max Turbo) I 4 Cores I 8 MB Smart Cache<o:p></o:p></p>\r\n\r\n<p class=\"MsoListParagraphCxSpMiddle\" style=\"text-indent:-18.0pt;mso-list:l0 level1 lfo1;\r\ntab-stops:list 36.0pt\"><!--[if !supportLists]--><span style=\"font-size:10.0pt;\r\nmso-bidi-font-size:11.0pt;line-height:107%;font-family:Symbol;mso-fareast-font-family:\r\nSymbol;mso-bidi-font-family:Symbol\">·<span style=\"font-variant-numeric: normal; font-variant-east-asian: normal; font-variant-alternates: normal; font-size-adjust: none; font-kerning: auto; font-optical-sizing: auto; font-feature-settings: normal; font-variation-settings: normal; font-variant-position: normal; font-stretch: normal; font-size: 7pt; line-height: normal; font-family: &quot;Times New Roman&quot;;\">&nbsp;&nbsp;&nbsp;&nbsp;&nbsp;&nbsp;&nbsp;\r\n</span></span><!--[endif]-->23.8 Inch Full HD IPS Display I 220 Nits\r\nBrightness I Enjoy immaculate image quality with 1920 x 1080 resolution and 178\r\ndegree wide viewing angles<o:p></o:p></p>\r\n\r\n<p class=\"MsoListParagraphCxSpMiddle\" style=\"text-indent:-18.0pt;mso-list:l0 level1 lfo1;\r\ntab-stops:list 36.0pt\"><!--[if !supportLists]--><span style=\"font-size:10.0pt;\r\nmso-bidi-font-size:11.0pt;line-height:107%;font-family:Symbol;mso-fareast-font-family:\r\nSymbol;mso-bidi-font-family:Symbol\">·<span style=\"font-variant-numeric: normal; font-variant-east-asian: normal; font-variant-alternates: normal; font-size-adjust: none; font-kerning: auto; font-optical-sizing: auto; font-feature-settings: normal; font-variation-settings: normal; font-variant-position: normal; font-stretch: normal; font-size: 7pt; line-height: normal; font-family: &quot;Times New Roman&quot;;\">&nbsp;&nbsp;&nbsp;&nbsp;&nbsp;&nbsp;&nbsp;\r\n</span></span><!--[endif]-->Comes with Preloaded Windows 11 Home with\r\nLifetime Validity I Packed with Productivity tolls<o:p></o:p></p>\r\n\r\n<p class=\"MsoListParagraphCxSpLast\" style=\"text-indent:-18.0pt;mso-list:l0 level1 lfo1;\r\ntab-stops:list 36.0pt\"><!--[if !supportLists]--><span style=\"font-size:10.0pt;\r\nmso-bidi-font-size:11.0pt;line-height:107%;font-family:Symbol;mso-fareast-font-family:\r\nSymbol;mso-bidi-font-family:Symbol\">·<span style=\"font-variant-numeric: normal; font-variant-east-asian: normal; font-variant-alternates: normal; font-size-adjust: none; font-kerning: auto; font-optical-sizing: auto; font-feature-settings: normal; font-variation-settings: normal; font-variant-position: normal; font-stretch: normal; font-size: 7pt; line-height: normal; font-family: &quot;Times New Roman&quot;;\">&nbsp;&nbsp;&nbsp;&nbsp;&nbsp;&nbsp;&nbsp;\r\n</span></span><!--[endif]-->Built in Full HD 5MP Webcam with Privacy Shutter\r\nI Integrated 2 Digital Microphone I 3W X 2 Stereo Speakers<o:p></o:p></p>\r\n\r\n<span style=\"font-size:11.0pt;line-height:107%;font-family:&quot;Calibri&quot;,sans-serif;\r\nmso-ascii-theme-font:minor-latin;mso-fareast-font-family:Calibri;mso-fareast-theme-font:\r\nminor-latin;mso-hansi-theme-font:minor-latin;mso-bidi-font-family:&quot;Times New Roman&quot;;\r\nmso-bidi-theme-font:minor-bidi;mso-ansi-language:EN-IN;mso-fareast-language:\r\nEN-US;mso-bidi-language:AR-SA\">8GB DDR 4 RAM and Expandable up to 64 GB Memory\r\nI 512 GB SSD (Solid State Drive)</span><br>', 'acer_desk1.jpg', 'acer_desk2.jpg', 'acer_desk3.jpg', 0, 'In Stock', '2024-08-23 08:32:37', NULL),
(46, 10, 21, 'Lenovo IdeaCentre AIO 3 Intel Celeron 7305 22\" FHD IPS 3-Side Edgeless All-in-One Desktop with Alexa Built-in (8GB/512GB SSD/Win11/HD 720p Camera/USB Keyboard & Mouse), F0GG0061IN', 'Lenovo', 32990, 38690, '<p class=\"MsoListParagraphCxSpFirst\"><b>About this item<o:p></o:p></b></p>\r\n\r\n<p class=\"MsoListParagraphCxSpMiddle\" style=\"text-indent:-18.0pt;mso-list:l0 level1 lfo1;\r\ntab-stops:list 36.0pt\"><!--[if !supportLists]--><span style=\"font-size:10.0pt;\r\nmso-bidi-font-size:11.0pt;line-height:107%;font-family:Symbol;mso-fareast-font-family:\r\nSymbol;mso-bidi-font-family:Symbol\">·<span style=\"font-variant-numeric: normal; font-variant-east-asian: normal; font-variant-alternates: normal; font-size-adjust: none; font-kerning: auto; font-optical-sizing: auto; font-feature-settings: normal; font-variation-settings: normal; font-variant-position: normal; font-stretch: normal; font-size: 7pt; line-height: normal; font-family: &quot;Times New Roman&quot;;\">&nbsp;&nbsp;&nbsp;&nbsp;&nbsp;&nbsp;&nbsp;\r\n</span></span><!--[endif]-->Processor: Intel Celeron 7305, 5C (1P + 4E) /\r\n6T, P-core 1.1GHz, E-core 0.9GHz, 8MB<o:p></o:p></p>\r\n\r\n<p class=\"MsoListParagraphCxSpMiddle\" style=\"text-indent:-18.0pt;mso-list:l0 level1 lfo1;\r\ntab-stops:list 36.0pt\"><!--[if !supportLists]--><span style=\"font-size:10.0pt;\r\nmso-bidi-font-size:11.0pt;line-height:107%;font-family:Symbol;mso-fareast-font-family:\r\nSymbol;mso-bidi-font-family:Symbol\">·<span style=\"font-variant-numeric: normal; font-variant-east-asian: normal; font-variant-alternates: normal; font-size-adjust: none; font-kerning: auto; font-optical-sizing: auto; font-feature-settings: normal; font-variation-settings: normal; font-variant-position: normal; font-stretch: normal; font-size: 7pt; line-height: normal; font-family: &quot;Times New Roman&quot;;\">&nbsp;&nbsp;&nbsp;&nbsp;&nbsp;&nbsp;&nbsp;\r\n</span></span><!--[endif]-->OS: Pre-Loaded Windows 11 Home with Lifetime\r\nValidity<o:p></o:p></p>\r\n\r\n<p class=\"MsoListParagraphCxSpMiddle\" style=\"text-indent:-18.0pt;mso-list:l0 level1 lfo1;\r\ntab-stops:list 36.0pt\"><!--[if !supportLists]--><span style=\"font-size:10.0pt;\r\nmso-bidi-font-size:11.0pt;line-height:107%;font-family:Symbol;mso-fareast-font-family:\r\nSymbol;mso-bidi-font-family:Symbol\">·<span style=\"font-variant-numeric: normal; font-variant-east-asian: normal; font-variant-alternates: normal; font-size-adjust: none; font-kerning: auto; font-optical-sizing: auto; font-feature-settings: normal; font-variation-settings: normal; font-variant-position: normal; font-stretch: normal; font-size: 7pt; line-height: normal; font-family: &quot;Times New Roman&quot;;\">&nbsp;&nbsp;&nbsp;&nbsp;&nbsp;&nbsp;&nbsp;\r\n</span></span><!--[endif]-->Memory and Storage: 8GB DDR4-3200 RAM | Storage:\r\n512GB SSD || Graphics: Integrated Intel UHD Graphics<o:p></o:p></p>\r\n\r\n<p class=\"MsoListParagraphCxSpLast\" style=\"text-indent:-18.0pt;mso-list:l0 level1 lfo1;\r\ntab-stops:list 36.0pt\"><!--[if !supportLists]--><span style=\"font-size:10.0pt;\r\nmso-bidi-font-size:11.0pt;line-height:107%;font-family:Symbol;mso-fareast-font-family:\r\nSymbol;mso-bidi-font-family:Symbol\">·<span style=\"font-variant-numeric: normal; font-variant-east-asian: normal; font-variant-alternates: normal; font-size-adjust: none; font-kerning: auto; font-optical-sizing: auto; font-feature-settings: normal; font-variation-settings: normal; font-variant-position: normal; font-stretch: normal; font-size: 7pt; line-height: normal; font-family: &quot;Times New Roman&quot;;\">&nbsp;&nbsp;&nbsp;&nbsp;&nbsp;&nbsp;&nbsp;\r\n</span></span><!--[endif]-->Display: 21.5 inch Full HD (1920x1080) |\r\nBrightness: 250 nits | IPS Display | Anti Glare<o:p></o:p></p>', 'leno_desk1.jpg', 'leno_desk2.jpg', 'leno_desk3.jpg', 0, 'Out of Stock', '2024-08-23 08:34:06', NULL),
(47, 10, 21, 'Dell Vostro 3710 Sff-Intel Core i3 12th Gen || 8 GB DDR4 || 512 GB SSD || Ubantu-Dos || E2220H 21.5\" Monitor || Without DVD Drive || 4 Years Onsite Warranty (Black)', 'Dell', 48999, 60000, '<table class=\"MsoNormalTable\" border=\"0\" cellspacing=\"0\" cellpadding=\"0\" width=\"440\" style=\"width: 330.05pt; background: white;\">\r\n <tbody><tr>\r\n  <td width=\"105\" valign=\"top\" style=\"width:79.05pt;padding:0cm 2.25pt 2.25pt 0cm\">\r\n  <p class=\"MsoListParagraphCxSpFirst\"><b><span style=\"color:black;mso-color-alt:\r\n  windowtext\">Brand</span></b><o:p></o:p></p>\r\n  </td>\r\n  <td width=\"335\" valign=\"top\" style=\"width:251.0pt;padding:0cm 0cm 2.25pt 2.25pt\">\r\n  <p class=\"MsoListParagraphCxSpLast\"><span style=\"color:black;mso-color-alt:\r\n  windowtext\">Dell</span><o:p></o:p></p>\r\n  </td>\r\n </tr>\r\n <tr>\r\n  <td width=\"105\" valign=\"top\" style=\"width:79.05pt;padding:2.25pt 2.25pt 2.25pt 0cm\">\r\n  <p class=\"MsoListParagraphCxSpFirst\"><b><span style=\"color:black;mso-color-alt:\r\n  windowtext\">Operating System</span></b><o:p></o:p></p>\r\n  </td>\r\n  <td width=\"335\" valign=\"top\" style=\"width:251.0pt;padding:2.25pt 0cm 2.25pt 2.25pt\">\r\n  <p class=\"MsoListParagraphCxSpLast\"><span style=\"color:black;mso-color-alt:\r\n  windowtext\">DOS</span><o:p></o:p></p>\r\n  </td>\r\n </tr>\r\n <tr>\r\n  <td width=\"105\" valign=\"top\" style=\"width:79.05pt;padding:2.25pt 2.25pt 2.25pt 0cm\">\r\n  <p class=\"MsoListParagraphCxSpFirst\"><b><span style=\"color:black;mso-color-alt:\r\n  windowtext\">CPU Model</span></b><o:p></o:p></p>\r\n  </td>\r\n  <td width=\"335\" valign=\"top\" style=\"width:251.0pt;padding:2.25pt 0cm 2.25pt 2.25pt\">\r\n  <p class=\"MsoListParagraphCxSpLast\"><span style=\"color:black;mso-color-alt:\r\n  windowtext\">Core i3-12300T</span><o:p></o:p></p>\r\n  </td>\r\n </tr>\r\n <tr>\r\n  <td width=\"105\" valign=\"top\" style=\"width:79.05pt;padding:2.25pt 2.25pt 2.25pt 0cm\">\r\n  <p class=\"MsoListParagraphCxSpFirst\"><b><span style=\"color:black;mso-color-alt:\r\n  windowtext\">CPU Speed</span></b><o:p></o:p></p>\r\n  </td>\r\n  <td width=\"335\" valign=\"top\" style=\"width:251.0pt;padding:2.25pt 0cm 2.25pt 2.25pt\">\r\n  <p class=\"MsoListParagraphCxSpLast\"><span style=\"color:black;mso-color-alt:\r\n  windowtext\">3.4 MHz</span><o:p></o:p></p>\r\n  </td>\r\n </tr>\r\n <tr>\r\n  <td width=\"105\" valign=\"top\" style=\"width:79.05pt;padding:2.25pt 2.25pt 2.25pt 0cm\">\r\n  <p class=\"MsoListParagraphCxSpFirst\"><b><span style=\"color:black;mso-color-alt:\r\n  windowtext\">Cache Size</span></b><o:p></o:p></p>\r\n  </td>\r\n  <td width=\"335\" valign=\"top\" style=\"width:251.0pt;padding:2.25pt 0cm 2.25pt 2.25pt\">\r\n  <p class=\"MsoListParagraphCxSpLast\"><span style=\"color:black;mso-color-alt:\r\n  windowtext\">12 MB</span><o:p></o:p></p>\r\n  </td>\r\n </tr>\r\n <tr>\r\n  <td width=\"105\" valign=\"top\" style=\"width:79.05pt;padding:2.25pt 2.25pt 2.25pt 0cm\">\r\n  <p class=\"MsoListParagraphCxSpFirst\"><b><span style=\"color:black;mso-color-alt:\r\n  windowtext\">Graphics Coprocessor</span></b><o:p></o:p></p>\r\n  </td>\r\n  <td width=\"335\" valign=\"top\" style=\"width:251.0pt;padding:2.25pt 0cm 2.25pt 2.25pt\">\r\n  <p class=\"MsoListParagraphCxSpLast\"><span style=\"color:black;mso-color-alt:\r\n  windowtext\">Intel UHD Graphics 730</span><o:p></o:p></p>\r\n  </td>\r\n </tr>\r\n <tr>\r\n  <td width=\"105\" valign=\"top\" style=\"width:79.05pt;padding:2.25pt 2.25pt 2.25pt 0cm\">\r\n  <p class=\"MsoListParagraphCxSpFirst\"><b><span style=\"color:black;mso-color-alt:\r\n  windowtext\">Memory Storage Capacity</span></b><o:p></o:p></p>\r\n  </td>\r\n  <td width=\"335\" valign=\"top\" style=\"width:251.0pt;padding:2.25pt 0cm 2.25pt 2.25pt\">\r\n  <p class=\"MsoListParagraphCxSpLast\"><span style=\"color:black;mso-color-alt:\r\n  windowtext\">8 GB</span><o:p></o:p></p>\r\n  </td>\r\n </tr>\r\n <tr>\r\n  <td width=\"105\" valign=\"top\" style=\"width:79.05pt;padding:2.25pt 2.25pt 2.25pt 0cm\">\r\n  <p class=\"MsoListParagraphCxSpFirst\"><b><span style=\"color:black;mso-color-alt:\r\n  windowtext\">Specific Uses For Product</span></b><o:p></o:p></p>\r\n  </td>\r\n  <td width=\"335\" valign=\"top\" style=\"width:251.0pt;padding:2.25pt 0cm 2.25pt 2.25pt\">\r\n  <p class=\"MsoListParagraphCxSpLast\"><span style=\"color:black;mso-color-alt:\r\n  windowtext\">Business</span><o:p></o:p></p>\r\n  </td>\r\n </tr>\r\n <tr>\r\n  <td width=\"105\" valign=\"top\" style=\"width:79.05pt;padding:2.25pt 2.25pt 2.25pt 0cm\">\r\n  <p class=\"MsoListParagraphCxSpFirst\"><b><span style=\"color:black;mso-color-alt:\r\n  windowtext\">Screen Size</span></b><o:p></o:p></p>\r\n  </td>\r\n  <td width=\"335\" valign=\"top\" style=\"width:251.0pt;padding:2.25pt 0cm 2.25pt 2.25pt\">\r\n  <p class=\"MsoListParagraphCxSpLast\"><span style=\"color:black;mso-color-alt:\r\n  windowtext\">21.5 Inches</span><o:p></o:p></p>\r\n  </td>\r\n </tr>\r\n <tr>\r\n  <td width=\"105\" valign=\"top\" style=\"width:79.05pt;padding:2.25pt 2.25pt 0cm 0cm\">\r\n  <p class=\"MsoListParagraphCxSpFirst\"><b><span style=\"color:black;mso-color-alt:\r\n  windowtext\">Colour</span></b><o:p></o:p></p>\r\n  </td>\r\n  <td width=\"335\" valign=\"top\" style=\"width:251.0pt;padding:2.25pt 0cm 0cm 2.25pt\">\r\n  <p class=\"MsoListParagraphCxSpLast\"><span style=\"color:black;mso-color-alt:\r\n  windowtext\">Black</span><o:p></o:p></p>\r\n  </td>\r\n </tr>\r\n</tbody></table>', 'dell_desk1.jpg', 'dell_desk2.jpg', 'dell_desk3.jpg', 0, 'In Stock', '2024-08-23 08:35:46', NULL),
(48, 10, 26, 'RPM Euro Games Gaming Keyboard Wired 7 Color LED Illuminated & Spill Proof Keys, Black, Medium', 'RPM', 599, 1499, '<p class=\"MsoListParagraphCxSpFirst\"><b>About this item<o:p></o:p></b></p>\r\n\r\n<p class=\"MsoListParagraphCxSpMiddle\" style=\"text-indent:-18.0pt;mso-list:l0 level1 lfo1;\r\ntab-stops:list 36.0pt\"><!--[if !supportLists]--><span style=\"font-size:10.0pt;\r\nmso-bidi-font-size:11.0pt;line-height:107%;font-family:Symbol;mso-fareast-font-family:\r\nSymbol;mso-bidi-font-family:Symbol\">·<span style=\"font-variant-numeric: normal; font-variant-east-asian: normal; font-variant-alternates: normal; font-size-adjust: none; font-kerning: auto; font-optical-sizing: auto; font-feature-settings: normal; font-variation-settings: normal; font-variant-position: normal; font-stretch: normal; font-size: 7pt; line-height: normal; font-family: &quot;Times New Roman&quot;;\">&nbsp;&nbsp;&nbsp;&nbsp;&nbsp;&nbsp;&nbsp;\r\n</span></span><!--[endif]-->104 keys, 19 keys non-conflict, removable\r\nkeycaps, strengthened space keys. Specially designed keys for enhanced\r\ndurability and tactile feedback.<o:p></o:p></p>\r\n\r\n<p class=\"MsoListParagraphCxSpMiddle\" style=\"text-indent:-18.0pt;mso-list:l0 level1 lfo1;\r\ntab-stops:list 36.0pt\"><!--[if !supportLists]--><span style=\"font-size:10.0pt;\r\nmso-bidi-font-size:11.0pt;line-height:107%;font-family:Symbol;mso-fareast-font-family:\r\nSymbol;mso-bidi-font-family:Symbol\">·<span style=\"font-variant-numeric: normal; font-variant-east-asian: normal; font-variant-alternates: normal; font-size-adjust: none; font-kerning: auto; font-optical-sizing: auto; font-feature-settings: normal; font-variation-settings: normal; font-variant-position: normal; font-stretch: normal; font-size: 7pt; line-height: normal; font-family: &quot;Times New Roman&quot;;\">&nbsp;&nbsp;&nbsp;&nbsp;&nbsp;&nbsp;&nbsp;\r\n</span></span><!--[endif]-->Application: PC/Laptop/Desktop/Notebook. USB\r\nConnect, Plug &amp; Play. No driver required, compatible with windows\r\nxp/vista/win 7/win 8/win 10/mac os.<o:p></o:p></p>\r\n\r\n<p class=\"MsoListParagraphCxSpMiddle\" style=\"text-indent:-18.0pt;mso-list:l0 level1 lfo1;\r\ntab-stops:list 36.0pt\"><!--[if !supportLists]--><span style=\"font-size:10.0pt;\r\nmso-bidi-font-size:11.0pt;line-height:107%;font-family:Symbol;mso-fareast-font-family:\r\nSymbol;mso-bidi-font-family:Symbol\">·<span style=\"font-variant-numeric: normal; font-variant-east-asian: normal; font-variant-alternates: normal; font-size-adjust: none; font-kerning: auto; font-optical-sizing: auto; font-feature-settings: normal; font-variation-settings: normal; font-variant-position: normal; font-stretch: normal; font-size: 7pt; line-height: normal; font-family: &quot;Times New Roman&quot;;\">&nbsp;&nbsp;&nbsp;&nbsp;&nbsp;&nbsp;&nbsp;\r\n</span></span><!--[endif]-->Backlight: 7 color rgb backlit. Non-slip design\r\nfor the best gaming performances and comfort.<o:p></o:p></p>\r\n\r\n<p class=\"MsoListParagraphCxSpMiddle\" style=\"text-indent:-18.0pt;mso-list:l0 level1 lfo1;\r\ntab-stops:list 36.0pt\"><!--[if !supportLists]--><span style=\"font-size:10.0pt;\r\nmso-bidi-font-size:11.0pt;line-height:107%;font-family:Symbol;mso-fareast-font-family:\r\nSymbol;mso-bidi-font-family:Symbol\">·<span style=\"font-variant-numeric: normal; font-variant-east-asian: normal; font-variant-alternates: normal; font-size-adjust: none; font-kerning: auto; font-optical-sizing: auto; font-feature-settings: normal; font-variation-settings: normal; font-variant-position: normal; font-stretch: normal; font-size: 7pt; line-height: normal; font-family: &quot;Times New Roman&quot;;\">&nbsp;&nbsp;&nbsp;&nbsp;&nbsp;&nbsp;&nbsp;\r\n</span></span><!--[endif]-->Scratch resistant keys: Easy to clean keys with\r\nscratch - resistant inscriptions. The keyboard can auto sleep if it is not in\r\nuse for 3-5 minutes. To reactive, just press any key<o:p></o:p></p>\r\n\r\n<p class=\"MsoListParagraphCxSpMiddle\" style=\"text-indent:-18.0pt;mso-list:l0 level1 lfo1;\r\ntab-stops:list 36.0pt\"><!--[if !supportLists]--><span style=\"font-size:10.0pt;\r\nmso-bidi-font-size:11.0pt;line-height:107%;font-family:Symbol;mso-fareast-font-family:\r\nSymbol;mso-bidi-font-family:Symbol\">·<span style=\"font-variant-numeric: normal; font-variant-east-asian: normal; font-variant-alternates: normal; font-size-adjust: none; font-kerning: auto; font-optical-sizing: auto; font-feature-settings: normal; font-variation-settings: normal; font-variant-position: normal; font-stretch: normal; font-size: 7pt; line-height: normal; font-family: &quot;Times New Roman&quot;;\">&nbsp;&nbsp;&nbsp;&nbsp;&nbsp;&nbsp;&nbsp;\r\n</span></span><!--[endif]-->Key life: Up to 10 million keystrokes<o:p></o:p></p>\r\n\r\n<p class=\"MsoListParagraphCxSpLast\" style=\"text-indent:-18.0pt;mso-list:l0 level1 lfo1;\r\ntab-stops:list 36.0pt\"><!--[if !supportLists]--><span style=\"font-size:10.0pt;\r\nmso-bidi-font-size:11.0pt;line-height:107%;font-family:Symbol;mso-fareast-font-family:\r\nSymbol;mso-bidi-font-family:Symbol\">·<span style=\"font-variant-numeric: normal; font-variant-east-asian: normal; font-variant-alternates: normal; font-size-adjust: none; font-kerning: auto; font-optical-sizing: auto; font-feature-settings: normal; font-variation-settings: normal; font-variant-position: normal; font-stretch: normal; font-size: 7pt; line-height: normal; font-family: &quot;Times New Roman&quot;;\">&nbsp;&nbsp;&nbsp;&nbsp;&nbsp;&nbsp;&nbsp;\r\n</span></span><!--[endif]-->Please Note – Backlit is 1 Dimensional, which\r\nmeans the Backlit RGB cannot be Increased/ Decreased or changed to another\r\ncolor.<o:p></o:p></p>', 'key_acc1.jpg', 'key_acc2.jpg', 'key_acc3.jpg', 0, 'In Stock', '2024-08-23 08:39:23', NULL);
INSERT INTO `products` (`id`, `category`, `subCategory`, `productName`, `productCompany`, `productPrice`, `productPriceBeforeDiscount`, `productDescription`, `productImage1`, `productImage2`, `productImage3`, `shippingCharge`, `productAvailability`, `postingDate`, `updationDate`) VALUES
(49, 10, 26, 'ZEBRONICS-Transformer-M with a High-Performance Gold-Plated USB Mouse: 6 Buttons, Multi-Color LED Lights,High-Resolution Sensor with max 3600 DPI, and DPI Switch(Black)', 'ZEBRONICS', 399, 549, '<p class=\"MsoListParagraphCxSpFirst\"><b>About this item<o:p></o:p></b></p>\r\n\r\n<p class=\"MsoListParagraphCxSpMiddle\" style=\"text-indent:-18.0pt;mso-list:l0 level1 lfo1;\r\ntab-stops:list 36.0pt\"><!--[if !supportLists]--><span style=\"font-size:10.0pt;\r\nmso-bidi-font-size:11.0pt;line-height:107%;font-family:Symbol;mso-fareast-font-family:\r\nSymbol;mso-bidi-font-family:Symbol\">·<span style=\"font-variant-numeric: normal; font-variant-east-asian: normal; font-variant-alternates: normal; font-size-adjust: none; font-kerning: auto; font-optical-sizing: auto; font-feature-settings: normal; font-variation-settings: normal; font-variant-position: normal; font-stretch: normal; font-size: 7pt; line-height: normal; font-family: &quot;Times New Roman&quot;;\">&nbsp;&nbsp;&nbsp;&nbsp;&nbsp;&nbsp;&nbsp;\r\n</span></span><!--[endif]-->Gaming mouse: ZEB-Transformer-M premium gaming\r\nmouse is designed for gamers who want the perfect fusion of high DPI, precision\r\ngaming along with LED lights.<o:p></o:p></p>\r\n\r\n<p class=\"MsoListParagraphCxSpMiddle\" style=\"text-indent:-18.0pt;mso-list:l0 level1 lfo1;\r\ntab-stops:list 36.0pt\"><!--[if !supportLists]--><span style=\"font-size:10.0pt;\r\nmso-bidi-font-size:11.0pt;line-height:107%;font-family:Symbol;mso-fareast-font-family:\r\nSymbol;mso-bidi-font-family:Symbol\">·<span style=\"font-variant-numeric: normal; font-variant-east-asian: normal; font-variant-alternates: normal; font-size-adjust: none; font-kerning: auto; font-optical-sizing: auto; font-feature-settings: normal; font-variation-settings: normal; font-variant-position: normal; font-stretch: normal; font-size: 7pt; line-height: normal; font-family: &quot;Times New Roman&quot;;\">&nbsp;&nbsp;&nbsp;&nbsp;&nbsp;&nbsp;&nbsp;\r\n</span></span><!--[endif]-->Breathing LED- Your gaming is going to get LIT\r\nas the gaming mouse comes with 7 colors breathing LED that will charm the gamer\r\nin you.<o:p></o:p></p>\r\n\r\n<p class=\"MsoListParagraphCxSpMiddle\" style=\"text-indent:-18.0pt;mso-list:l0 level1 lfo1;\r\ntab-stops:list 36.0pt\"><!--[if !supportLists]--><span style=\"font-size:10.0pt;\r\nmso-bidi-font-size:11.0pt;line-height:107%;font-family:Symbol;mso-fareast-font-family:\r\nSymbol;mso-bidi-font-family:Symbol\">·<span style=\"font-variant-numeric: normal; font-variant-east-asian: normal; font-variant-alternates: normal; font-size-adjust: none; font-kerning: auto; font-optical-sizing: auto; font-feature-settings: normal; font-variation-settings: normal; font-variant-position: normal; font-stretch: normal; font-size: 7pt; line-height: normal; font-family: &quot;Times New Roman&quot;;\">&nbsp;&nbsp;&nbsp;&nbsp;&nbsp;&nbsp;&nbsp;\r\n</span></span><!--[endif]-->Ergonomic design:The ZEB-Transformer-M gaming\r\nmouse comes in an ergonomic design that provides comfort for long hours.<o:p></o:p></p>\r\n\r\n<p class=\"MsoListParagraphCxSpMiddle\" style=\"text-indent:-18.0pt;mso-list:l0 level1 lfo1;\r\ntab-stops:list 36.0pt\"><!--[if !supportLists]--><span style=\"font-size:10.0pt;\r\nmso-bidi-font-size:11.0pt;line-height:107%;font-family:Symbol;mso-fareast-font-family:\r\nSymbol;mso-bidi-font-family:Symbol\">·<span style=\"font-variant-numeric: normal; font-variant-east-asian: normal; font-variant-alternates: normal; font-size-adjust: none; font-kerning: auto; font-optical-sizing: auto; font-feature-settings: normal; font-variation-settings: normal; font-variant-position: normal; font-stretch: normal; font-size: 7pt; line-height: normal; font-family: &quot;Times New Roman&quot;;\">&nbsp;&nbsp;&nbsp;&nbsp;&nbsp;&nbsp;&nbsp;\r\n</span></span><!--[endif]-->Works on most surfaces: The mouse is designed to\r\nwork on all surfaces and comes with a plug and play installation where no\r\nadditional softwares is required.<o:p></o:p></p>\r\n\r\n<p class=\"MsoListParagraphCxSpMiddle\" style=\"text-indent:-18.0pt;mso-list:l0 level1 lfo1;\r\ntab-stops:list 36.0pt\"><!--[if !supportLists]--><span style=\"font-size:10.0pt;\r\nmso-bidi-font-size:11.0pt;line-height:107%;font-family:Symbol;mso-fareast-font-family:\r\nSymbol;mso-bidi-font-family:Symbol\">·<span style=\"font-variant-numeric: normal; font-variant-east-asian: normal; font-variant-alternates: normal; font-size-adjust: none; font-kerning: auto; font-optical-sizing: auto; font-feature-settings: normal; font-variation-settings: normal; font-variant-position: normal; font-stretch: normal; font-size: 7pt; line-height: normal; font-family: &quot;Times New Roman&quot;;\">&nbsp;&nbsp;&nbsp;&nbsp;&nbsp;&nbsp;&nbsp;\r\n</span></span><!--[endif]-->High Precision: The gaming mouse comes with six\r\nbuttons with a high precision DPI gaming sensor with 3200 DPI.<o:p></o:p></p>\r\n\r\n<p class=\"MsoListParagraphCxSpMiddle\" style=\"text-indent:-18.0pt;mso-list:l0 level1 lfo1;\r\ntab-stops:list 36.0pt\"><!--[if !supportLists]--><span style=\"font-size:10.0pt;\r\nmso-bidi-font-size:11.0pt;line-height:107%;font-family:Symbol;mso-fareast-font-family:\r\nSymbol;mso-bidi-font-family:Symbol\">·<span style=\"font-variant-numeric: normal; font-variant-east-asian: normal; font-variant-alternates: normal; font-size-adjust: none; font-kerning: auto; font-optical-sizing: auto; font-feature-settings: normal; font-variation-settings: normal; font-variant-position: normal; font-stretch: normal; font-size: 7pt; line-height: normal; font-family: &quot;Times New Roman&quot;;\">&nbsp;&nbsp;&nbsp;&nbsp;&nbsp;&nbsp;&nbsp;\r\n</span></span><!--[endif]-->Dedicated DPI Switch: The gaming mouse has a\r\ndedicated DPI switch that can toggle between 1000/1600/ 2400/ 3200 DPI.<o:p></o:p></p>\r\n\r\n<p class=\"MsoListParagraphCxSpLast\" style=\"text-indent:-18.0pt;mso-list:l0 level1 lfo1;\r\ntab-stops:list 36.0pt\"><!--[if !supportLists]--><span style=\"font-size:10.0pt;\r\nmso-bidi-font-size:11.0pt;line-height:107%;font-family:Symbol;mso-fareast-font-family:\r\nSymbol;mso-bidi-font-family:Symbol\">·<span style=\"font-variant-numeric: normal; font-variant-east-asian: normal; font-variant-alternates: normal; font-size-adjust: none; font-kerning: auto; font-optical-sizing: auto; font-feature-settings: normal; font-variation-settings: normal; font-variant-position: normal; font-stretch: normal; font-size: 7pt; line-height: normal; font-family: &quot;Times New Roman&quot;;\">&nbsp;&nbsp;&nbsp;&nbsp;&nbsp;&nbsp;&nbsp;\r\n</span></span><!--[endif]-->Dedicated forward &amp; backward buttons: The\r\ngaming mouse comes with dedicated forward and backward buttons making it\r\nconvenient for gamers to toggle.<o:p></o:p></p>', 'mou_acc1.jpg', 'mou_acc2.jpg', 'mou_acc3.jpg', 0, 'In Stock', '2024-08-23 08:41:09', NULL),
(50, 10, 26, 'Dell Optiplex Intel Core i5 3470 3.2 Ghz Business Class Performance Desktop (8 GB RAM, 256 GB SSD, HD Graphics, Windows 10 Pro, MS Office, USB, Ethernet, VGA, Black)', 'Dell', 10999, 15999, '<p class=\"MsoListParagraphCxSpFirst\"><b>About this item<o:p></o:p></b></p>\r\n\r\n<p class=\"MsoListParagraphCxSpMiddle\" style=\"text-indent:-18.0pt;mso-list:l0 level1 lfo1;\r\ntab-stops:list 36.0pt\"><!--[if !supportLists]--><span style=\"font-size:10.0pt;\r\nmso-bidi-font-size:11.0pt;line-height:107%;font-family:Symbol;mso-fareast-font-family:\r\nSymbol;mso-bidi-font-family:Symbol\">·<span style=\"font-variant-numeric: normal; font-variant-east-asian: normal; font-variant-alternates: normal; font-size-adjust: none; font-kerning: auto; font-optical-sizing: auto; font-feature-settings: normal; font-variation-settings: normal; font-variant-position: normal; font-stretch: normal; font-size: 7pt; line-height: normal; font-family: &quot;Times New Roman&quot;;\">&nbsp;&nbsp;&nbsp;&nbsp;&nbsp;&nbsp;&nbsp;\r\n</span></span><!--[endif]-->Dell Optiplex Business Class Desktop Secure,\r\nScalable and Robust Architecture with limitless expansion possibilities.\r\nEncompasses robust security features like TPM security chip, Intel Active\r\nManagement Technology (iAMT), USB port control, boot sequence control, boot\r\nwithout keyboard or mouse, hard drive password, power-on password, serial port\r\nI/O control.<o:p></o:p></p>\r\n\r\n<p class=\"MsoListParagraphCxSpMiddle\" style=\"text-indent:-18.0pt;mso-list:l0 level1 lfo1;\r\ntab-stops:list 36.0pt\"><!--[if !supportLists]--><span style=\"font-size:10.0pt;\r\nmso-bidi-font-size:11.0pt;line-height:107%;font-family:Symbol;mso-fareast-font-family:\r\nSymbol;mso-bidi-font-family:Symbol\">·<span style=\"font-variant-numeric: normal; font-variant-east-asian: normal; font-variant-alternates: normal; font-size-adjust: none; font-kerning: auto; font-optical-sizing: auto; font-feature-settings: normal; font-variation-settings: normal; font-variant-position: normal; font-stretch: normal; font-size: 7pt; line-height: normal; font-family: &quot;Times New Roman&quot;;\">&nbsp;&nbsp;&nbsp;&nbsp;&nbsp;&nbsp;&nbsp;\r\n</span></span><!--[endif]-->The Intel core i5 3470 3.2 Ghz processor along\r\nwith 6 MB Cache and integrated Intel graphics provide fast processing, making\r\nit a powerhorse for most tasking needs. Enjoy High End Business Class\r\nperformance with Core I5 3470, upto 3.6 Ghz turbo boost, Quad Core power by\r\nIntel Turbo Boost Technology<o:p></o:p></p>\r\n\r\n<p class=\"MsoListParagraphCxSpMiddle\" style=\"text-indent:-18.0pt;mso-list:l0 level1 lfo1;\r\ntab-stops:list 36.0pt\"><!--[if !supportLists]--><span style=\"font-size:10.0pt;\r\nmso-bidi-font-size:11.0pt;line-height:107%;font-family:Symbol;mso-fareast-font-family:\r\nSymbol;mso-bidi-font-family:Symbol\">·<span style=\"font-variant-numeric: normal; font-variant-east-asian: normal; font-variant-alternates: normal; font-size-adjust: none; font-kerning: auto; font-optical-sizing: auto; font-feature-settings: normal; font-variation-settings: normal; font-variant-position: normal; font-stretch: normal; font-size: 7pt; line-height: normal; font-family: &quot;Times New Roman&quot;;\">&nbsp;&nbsp;&nbsp;&nbsp;&nbsp;&nbsp;&nbsp;\r\n</span></span><!--[endif]-->It has 8 GB DDR3 RAM with expandable slots,\r\nAudio In/Out Jacks, 256 GB SSD (faster than normal HDD) for Fast Processing and\r\nefficient performance.<o:p></o:p></p>\r\n\r\n<p class=\"MsoListParagraphCxSpLast\" style=\"text-indent:-18.0pt;mso-list:l0 level1 lfo1;\r\ntab-stops:list 36.0pt\"><!--[if !supportLists]--><span style=\"font-size:10.0pt;\r\nmso-bidi-font-size:11.0pt;line-height:107%;font-family:Symbol;mso-fareast-font-family:\r\nSymbol;mso-bidi-font-family:Symbol\">·<span style=\"font-variant-numeric: normal; font-variant-east-asian: normal; font-variant-alternates: normal; font-size-adjust: none; font-kerning: auto; font-optical-sizing: auto; font-feature-settings: normal; font-variation-settings: normal; font-variant-position: normal; font-stretch: normal; font-size: 7pt; line-height: normal; font-family: &quot;Times New Roman&quot;;\">&nbsp;&nbsp;&nbsp;&nbsp;&nbsp;&nbsp;&nbsp;\r\n</span></span><!--[endif]-->Comes with a variety of ports for all possible\r\nneeds, USB, parallel, serial connectors, VGA, esata, display port, keyboard,\r\nmouse connector, PCI express X16, RAM slots and internal HDD slots.It also\r\ncomes pre installed with Windows 10 Pro and MS Office 19.<o:p></o:p></p>', 'cpu_acc1.jpg', 'cpu_acc1.jpg', 'cpu_acc1.jpg', 0, 'In Stock', '2024-08-23 08:43:08', NULL);

-- --------------------------------------------------------

--
-- Table structure for table `subcategory`
--

CREATE TABLE `subcategory` (
  `id` int(11) NOT NULL,
  `categoryid` int(11) DEFAULT NULL,
  `subcategory` varchar(255) DEFAULT NULL,
  `creationDate` timestamp NULL DEFAULT current_timestamp(),
  `updationDate` varchar(255) DEFAULT NULL
) ENGINE=InnoDB DEFAULT CHARSET=latin1 COLLATE=latin1_swedish_ci;

--
-- Dumping data for table `subcategory`
--

INSERT INTO `subcategory` (`id`, `categoryid`, `subcategory`, `creationDate`, `updationDate`) VALUES
(16, 8, 'Televisions', '2024-08-20 20:01:55', NULL),
(17, 8, 'Projectors', '2024-08-20 20:02:10', NULL),
(18, 9, 'Printers', '2024-08-20 20:02:23', NULL),
(19, 9, 'Scanners', '2024-08-20 20:02:33', NULL),
(20, 10, 'Laptop', '2024-08-20 20:02:59', NULL),
(21, 10, 'Desktop', '2024-08-20 20:03:09', NULL),
(26, 10, 'Acceseries', '2024-08-20 20:04:52', NULL),
(27, 11, 'Smartphones', '2024-08-20 20:05:08', NULL);

-- --------------------------------------------------------

--
-- Table structure for table `userlog`
--

CREATE TABLE `userlog` (
  `id` int(11) NOT NULL,
  `userEmail` varchar(255) DEFAULT NULL,
  `userip` binary(16) DEFAULT NULL,
  `loginTime` timestamp NULL DEFAULT current_timestamp(),
  `logout` varchar(255) DEFAULT NULL,
  `status` int(11) DEFAULT NULL
) ENGINE=InnoDB DEFAULT CHARSET=latin1 COLLATE=latin1_swedish_ci;

--
-- Dumping data for table `userlog`
--

INSERT INTO `userlog` (`id`, `userEmail`, `userip`, `loginTime`, `logout`, `status`) VALUES
(1, 'anuj.k@gmail.com', 0x3a3a3100000000000000000000000000, '2024-05-22 06:01:21', '22-05-2024 11:34:34 AM', 1),
(2, 'johndeo@gmail.com', 0x3a3a3100000000000000000000000000, '2024-05-23 13:30:40', NULL, 1),
(3, 'amit12@gmail.com', 0x3a3a3100000000000000000000000000, '2024-06-05 01:03:33', '05-06-2024 06:39:31 AM', 1),
(4, 'johndeo@gmail.com', 0x3a3a3100000000000000000000000000, '2024-08-21 16:28:34', NULL, 1);

-- --------------------------------------------------------

--
-- Table structure for table `users`
--

CREATE TABLE `users` (
  `id` int(11) NOT NULL,
  `name` varchar(255) DEFAULT NULL,
  `email` varchar(255) DEFAULT NULL,
  `contactno` bigint(11) DEFAULT NULL,
  `password` varchar(255) DEFAULT NULL,
  `shippingAddress` longtext DEFAULT NULL,
  `shippingState` varchar(255) DEFAULT NULL,
  `shippingCity` varchar(255) DEFAULT NULL,
  `shippingPincode` int(11) DEFAULT NULL,
  `billingAddress` longtext DEFAULT NULL,
  `billingState` varchar(255) DEFAULT NULL,
  `billingCity` varchar(255) DEFAULT NULL,
  `billingPincode` int(11) DEFAULT NULL,
  `regDate` timestamp NOT NULL DEFAULT current_timestamp(),
  `updationDate` varchar(255) DEFAULT NULL
) ENGINE=InnoDB DEFAULT CHARSET=latin1 COLLATE=latin1_swedish_ci;

--
-- Dumping data for table `users`
--

INSERT INTO `users` (`id`, `name`, `email`, `contactno`, `password`, `shippingAddress`, `shippingState`, `shippingCity`, `shippingPincode`, `billingAddress`, `billingState`, `billingCity`, `billingPincode`, `regDate`, `updationDate`) VALUES
(1, 'Anuj Kumar', 'anuj.k@gmail.com', 9009857868, 'f925916e2754e5e03f75dd58a5733251', 'CS New Delhi', 'New Delhi', 'Delhi', 110001, 'New Delhi', 'New Delhi', 'Delhi', 110092, '2024-04-21 19:30:50', ''),
(2, 'Amit ', 'amit@gmail.com', 8285703355, '5c428d8875d2948607f3e3fe134d71b4', '', '', '', 0, '', '', '', 0, '2024-04-21 19:30:50', ''),
(3, 'hg', 'hgfhgf@gmass.com', 1121312312, '827ccb0eea8a706c4c34a16891f84e7b', '', '', '', 0, '', '', '', 0, '2024-04-21 19:30:50', ''),
(4, 'John Doe', 'johndeo@gmail.com', 4564566554, 'f925916e2754e5e03f75dd58a5733251', 'A 12323 XYZ Apartment ', 'Delhi', 'New Delhi', 110092, 'A 12323 XYZ Apartment ', 'Delhi', 'New Delhi', 110092, '2024-05-23 13:30:34', NULL),
(5, 'Amit kumar', 'amit12@gmail.com', 1414253625, 'f925916e2754e5e03f75dd58a5733251', 'A 123 XYZ Apartment', 'Delhi', 'new Delhi', 110023, 'A 123 XYZ Apartment', 'Delhi', 'new Delhi', 110023, '2024-06-05 01:03:24', NULL);

-- --------------------------------------------------------

--
-- Table structure for table `wishlist`
--

CREATE TABLE `wishlist` (
  `id` int(11) NOT NULL,
  `userId` int(11) DEFAULT NULL,
  `productId` int(11) DEFAULT NULL,
  `postingDate` timestamp NOT NULL DEFAULT current_timestamp()
) ENGINE=InnoDB DEFAULT CHARSET=latin1 COLLATE=latin1_swedish_ci;

--
-- Indexes for dumped tables
--

--
-- Indexes for table `admin`
--
ALTER TABLE `admin`
  ADD PRIMARY KEY (`id`);

--
-- Indexes for table `category`
--
ALTER TABLE `category`
  ADD PRIMARY KEY (`id`);

--
-- Indexes for table `orders`
--
ALTER TABLE `orders`
  ADD PRIMARY KEY (`id`);

--
-- Indexes for table `ordertrackhistory`
--
ALTER TABLE `ordertrackhistory`
  ADD PRIMARY KEY (`id`);

--
-- Indexes for table `productreviews`
--
ALTER TABLE `productreviews`
  ADD PRIMARY KEY (`id`);

--
-- Indexes for table `products`
--
ALTER TABLE `products`
  ADD PRIMARY KEY (`id`);

--
-- Indexes for table `subcategory`
--
ALTER TABLE `subcategory`
  ADD PRIMARY KEY (`id`);

--
-- Indexes for table `userlog`
--
ALTER TABLE `userlog`
  ADD PRIMARY KEY (`id`);

--
-- Indexes for table `users`
--
ALTER TABLE `users`
  ADD PRIMARY KEY (`id`);

--
-- Indexes for table `wishlist`
--
ALTER TABLE `wishlist`
  ADD PRIMARY KEY (`id`);

--
-- AUTO_INCREMENT for dumped tables
--

--
-- AUTO_INCREMENT for table `admin`
--
ALTER TABLE `admin`
  MODIFY `id` int(11) NOT NULL AUTO_INCREMENT, AUTO_INCREMENT=2;

--
-- AUTO_INCREMENT for table `category`
--
ALTER TABLE `category`
  MODIFY `id` int(11) NOT NULL AUTO_INCREMENT, AUTO_INCREMENT=13;

--
-- AUTO_INCREMENT for table `orders`
--
ALTER TABLE `orders`
  MODIFY `id` int(11) NOT NULL AUTO_INCREMENT, AUTO_INCREMENT=5;

--
-- AUTO_INCREMENT for table `ordertrackhistory`
--
ALTER TABLE `ordertrackhistory`
  MODIFY `id` int(11) NOT NULL AUTO_INCREMENT, AUTO_INCREMENT=9;

--
-- AUTO_INCREMENT for table `productreviews`
--
ALTER TABLE `productreviews`
  MODIFY `id` int(11) NOT NULL AUTO_INCREMENT, AUTO_INCREMENT=2;

--
-- AUTO_INCREMENT for table `products`
--
ALTER TABLE `products`
  MODIFY `id` int(11) NOT NULL AUTO_INCREMENT, AUTO_INCREMENT=51;

--
-- AUTO_INCREMENT for table `subcategory`
--
ALTER TABLE `subcategory`
  MODIFY `id` int(11) NOT NULL AUTO_INCREMENT, AUTO_INCREMENT=29;

--
-- AUTO_INCREMENT for table `userlog`
--
ALTER TABLE `userlog`
  MODIFY `id` int(11) NOT NULL AUTO_INCREMENT, AUTO_INCREMENT=5;

--
-- AUTO_INCREMENT for table `users`
--
ALTER TABLE `users`
  MODIFY `id` int(11) NOT NULL AUTO_INCREMENT, AUTO_INCREMENT=6;

--
-- AUTO_INCREMENT for table `wishlist`
--
ALTER TABLE `wishlist`
  MODIFY `id` int(11) NOT NULL AUTO_INCREMENT, AUTO_INCREMENT=3;
COMMIT;

/*!40101 SET CHARACTER_SET_CLIENT=@OLD_CHARACTER_SET_CLIENT */;
/*!40101 SET CHARACTER_SET_RESULTS=@OLD_CHARACTER_SET_RESULTS */;
/*!40101 SET COLLATION_CONNECTION=@OLD_COLLATION_CONNECTION */;
